{
  "norm_stats": {
    "state": {
      "mean": [
        -0.03540782630443573,
        0.004370734561234713,
        0.8188658952713013,
        2.9059805870056152,
        -0.49864014983177185,
        -0.18273381888866425,
        0.027626147493720055,
        -0.028233833611011505
      ],
      "std": [
        0.11477769911289215,
        0.15859045088291168,
        0.25919193029403687,
        0.33623120188713074,
        1.2912421226501465,
        0.34694045782089233,
        0.013573801144957542,
        0.013054801151156425
      ],
      "q01": [
        -0.4045428931713104,
        -0.28430667519569397,
        0.4483160674571991,
        1.8402315378189087,
        -2.8864152431488037,
        -1.0744338035583496,
        0.002679141005501151,
        -0.041107457131147385
      ],
      "q99": [
        0.12692486246824264,
        0.33939330527186395,
        1.2818011479794977,
        3.292344721674919,
        3.1057234821796413,
        0.8133180432796479,
        0.039999749378440905,
        -0.003049079197784889
      ]
    },
    "actions": {
      "mean": [
        -0.03125452622771263,
        0.0703311562538147,
        -0.08166252821683884,
        0.0012820977717638016,
        -0.001327306148596108,
        -0.009559676051139832,
        -0.03291139751672745
      ],
      "std": [
        0.27911868691444397,
        0.3295528292655945,
        0.34532371163368225,
        0.034343089908361435,
        0.05978647619485855,
        0.08379063010215759,
        0.9994583129882812
      ],
      "q01": [
        -0.6137678414583206,
        -0.7904989528656006,
        -0.7342950219154358,
        -0.0858017174333334,
        -0.14269113824069501,
        -0.2015676501184702,
        -1.0
      ],
      "q99": [
        0.8111807345151902,
        0.856817169189453,
        0.9371362499952318,
        0.1253519981563091,
        0.17341714379191397,
        0.27747407020032405,
        0.9996
      ]
    },
    "coarse_actions": {
      "mean": [
        -0.043546564877033234,
        0.061089515686035156,
        -0.060113005340099335,
        0.00040204974357038736,
        0.0026558164972811937,
        -0.008668473921716213,
        -0.05147680267691612
      ],
      "std": [
        0.28210413455963135,
        0.3436981737613678,
        0.3754192888736725,
        0.03894500061869621,
        0.057354748249053955,
        0.07517388463020325,
        0.998674213886261
      ],
      "q01": [
        -0.710549996817112,
        -0.8233098048567772,
        -0.785625,
        -0.12969322089850902,
        -0.14147142964601517,
        -0.20154214042425156,
        -1.0
      ],
      "q99": [
        0.816171453166008,
        0.8535417595148085,
        0.937125,
        0.1370787835389376,
        0.17027999792098997,
        0.25489714336395264,
        0.9996
      ]
    }
  }
}