mode,task_suite,task_id,task_name,episode,initial_state_id,success,timeout,steps,policy_calls,sampled_action_chunks,avg_h,h_distribution_json,actual_wall_total_ms,policy_rpc_wall_total_ms,actual_episode_elapsed_total_ms,actual_policy_total_ms,actual_server_total_ms,actual_predictor_total_ms,actual_batched_teacher_total_ms,actual_contextual_fusion_total_ms,contextual_fusion_translation_disagreement_mean,contextual_fusion_rotation_disagreement_mean,contextual_fusion_gripper_conflict_rate,contextual_fusion_expert_gate_rate,contextual_fusion_phase_expert_rate,actual_harp_residual_total_ms,actual_harp_gripper_event_total_ms
ordered_transformer,libero_10,0,LIVING_ROOM_SCENE2_put_both_the_alphabet_soup_and_the_tomato_sauce_in_the_basket,336,336,1,0,253,13,13,19.23076923076923,"{""5"": 1, ""15"": 2, ""20"": 7, ""25"": 3}",1598.6456079408526,1598.6456079408526,11650.890457909554,1432.3697253130376,1573.1158126145601,82.81900407746434,nan,nan,nan,nan,nan,nan,nan,nan,nan
ordered_visual_query,libero_10,0,LIVING_ROOM_SCENE2_put_both_the_alphabet_soup_and_the_tomato_sauce_in_the_basket,336,336,1,0,259,13,13,19.615384615384617,"{""15"": 3, ""20"": 8, ""25"": 2}",1619.1636649891734,1619.1636649891734,11901.217062026262,1453.68539262563,1591.8477256782353,81.75970846787095,nan,nan,nan,nan,nan,nan,nan,nan,nan
ordered_expert_hidden,libero_10,0,LIVING_ROOM_SCENE2_put_both_the_alphabet_soup_and_the_tomato_sauce_in_the_basket,336,336,1,0,249,12,12,20.416666666666668,"{""10"": 1, ""15"": 1, ""20"": 6, ""25"": 4}",1504.229970742017,1504.229970742017,11595.15926707536,1348.680046852678,1479.8659225925803,78.61475739628077,nan,nan,nan,nan,nan,nan,nan,nan,nan
ordered_expert_hidden,libero_10,0,LIVING_ROOM_SCENE2_put_both_the_alphabet_soup_and_the_tomato_sauce_in_the_basket,337,337,1,0,305,15,15,20.0,"{""10"": 1, ""15"": 3, ""20"": 6, ""25"": 5}",1882.9834633506835,1882.9834633506835,13182.340244296938,1689.594907220453,1853.7249946966767,103.90439908951521,nan,nan,nan,nan,nan,nan,nan,nan,nan
ordered_visual_query,libero_10,0,LIVING_ROOM_SCENE2_put_both_the_alphabet_soup_and_the_tomato_sauce_in_the_basket,337,337,1,0,266,13,13,20.0,"{""15"": 4, ""20"": 5, ""25"": 4}",1630.0091720186174,1630.0091720186174,12269.79922503233,1463.5419100522995,1603.2720245420933,82.58029911667109,nan,nan,nan,nan,nan,nan,nan,nan,nan
ordered_transformer,libero_10,0,LIVING_ROOM_SCENE2_put_both_the_alphabet_soup_and_the_tomato_sauce_in_the_basket,337,337,1,0,339,17,17,19.705882352941178,"{""10"": 1, ""15"": 3, ""20"": 9, ""25"": 4}",2088.9814174734056,2088.9814174734056,14159.405964892358,1874.5266101323068,2057.0628861896694,108.985576312989,nan,nan,nan,nan,nan,nan,nan,nan,nan
ordered_transformer,libero_10,0,LIVING_ROOM_SCENE2_put_both_the_alphabet_soup_and_the_tomato_sauce_in_the_basket,338,338,1,0,273,13,13,20.76923076923077,"{""15"": 2, ""20"": 7, ""25"": 4}",1606.3033263199031,1606.3033263199031,12517.208297271281,1438.7596263550222,1581.2416323460639,82.38817472010851,nan,nan,nan,nan,nan,nan,nan,nan,nan
ordered_visual_query,libero_10,0,LIVING_ROOM_SCENE2_put_both_the_alphabet_soup_and_the_tomato_sauce_in_the_basket,338,338,1,0,272,13,13,20.76923076923077,"{""15"": 4, ""20"": 3, ""25"": 6}",1620.726827532053,1620.726827532053,12690.946388058364,1458.6608465760946,1593.003440182656,82.99682196229696,nan,nan,nan,nan,nan,nan,nan,nan,nan
ordered_expert_hidden,libero_10,0,LIVING_ROOM_SCENE2_put_both_the_alphabet_soup_and_the_tomato_sauce_in_the_basket,338,338,1,0,266,13,13,20.76923076923077,"{""15"": 2, ""20"": 7, ""25"": 4}",1628.6651911213994,1628.6651911213994,12378.510903101414,1457.2846395894885,1604.6910155564547,86.5586306899786,nan,nan,nan,nan,nan,nan,nan,nan,nan
ordered_expert_hidden,libero_10,0,LIVING_ROOM_SCENE2_put_both_the_alphabet_soup_and_the_tomato_sauce_in_the_basket,339,339,1,0,287,15,15,19.666666666666668,"{""15"": 4, ""20"": 8, ""25"": 3}",1882.4809789657593,1882.4809789657593,13425.715174060315,1686.61076342687,1855.4028351791203,100.6368538364768,nan,nan,nan,nan,nan,nan,nan,nan,nan
ordered_visual_query,libero_10,0,LIVING_ROOM_SCENE2_put_both_the_alphabet_soup_and_the_tomato_sauce_in_the_basket,339,339,1,0,281,14,14,20.714285714285715,"{""15"": 3, ""20"": 6, ""25"": 5}",1748.6544186249375,1748.6544186249375,13273.559759370983,1565.9312633797526,1720.811101142317,91.8344990350306,nan,nan,nan,nan,nan,nan,nan,nan,nan
ordered_transformer,libero_10,0,LIVING_ROOM_SCENE2_put_both_the_alphabet_soup_and_the_tomato_sauce_in_the_basket,339,339,1,0,286,14,14,20.0,"{""5"": 1, ""15"": 2, ""20"": 6, ""25"": 5}",1716.4868232794106,1716.4868232794106,12923.443198669702,1535.6731335632503,1689.573221374303,88.16529298201203,nan,nan,nan,nan,nan,nan,nan,nan,nan
ordered_transformer,libero_10,0,LIVING_ROOM_SCENE2_put_both_the_alphabet_soup_and_the_tomato_sauce_in_the_basket,340,340,1,0,358,18,18,19.72222222222222,"{""5"": 1, ""15"": 3, ""20"": 9, ""25"": 5}",2212.1464172378182,2212.1464172378182,14266.522341873497,1987.545698415488,2179.1682513430715,117.32035549357533,nan,nan,nan,nan,nan,nan,nan,nan,nan
ordered_visual_query,libero_10,0,LIVING_ROOM_SCENE2_put_both_the_alphabet_soup_and_the_tomato_sauce_in_the_basket,340,340,1,0,402,21,21,18.80952380952381,"{""5"": 1, ""15"": 8, ""20"": 6, ""25"": 6}",2635.1747210137546,2635.1747210137546,15558.81837522611,2368.4698683209717,2594.0368566662073,146.78942086175084,nan,nan,nan,nan,nan,nan,nan,nan,nan
ordered_expert_hidden,libero_10,0,LIVING_ROOM_SCENE2_put_both_the_alphabet_soup_and_the_tomato_sauce_in_the_basket,340,340,1,0,339,17,17,19.705882352941178,"{""5"": 1, ""15"": 3, ""20"": 8, ""25"": 5}",2143.442241474986,2143.442241474986,13678.742330987006,1916.0116738639772,2109.346543904394,114.20414038002491,nan,nan,nan,nan,nan,nan,nan,nan,nan
ordered_expert_hidden,libero_10,0,LIVING_ROOM_SCENE2_put_both_the_alphabet_soup_and_the_tomato_sauce_in_the_basket,341,341,1,0,282,14,14,19.642857142857142,"{""10"": 1, ""15"": 3, ""20"": 6, ""25"": 4}",1759.4389314763248,1759.4389314763248,12251.385075971484,1578.1611003912985,1729.1281293146312,90.20737325772643,nan,nan,nan,nan,nan,nan,nan,nan,nan
ordered_visual_query,libero_10,0,LIVING_ROOM_SCENE2_put_both_the_alphabet_soup_and_the_tomato_sauce_in_the_basket,341,341,1,0,278,14,14,20.357142857142858,"{""15"": 4, ""20"": 5, ""25"": 5}",1757.4515328742564,1757.4515328742564,12174.183970782906,1578.1440935097635,1729.3807822279632,91.94305539131165,nan,nan,nan,nan,nan,nan,nan,nan,nan
ordered_transformer,libero_10,0,LIVING_ROOM_SCENE2_put_both_the_alphabet_soup_and_the_tomato_sauce_in_the_basket,341,341,1,0,289,14,14,20.714285714285715,"{""15"": 2, ""20"": 8, ""25"": 4}",1723.3301387168467,1723.3301387168467,12354.772087652236,1544.7168378159404,1697.3383212462068,87.94344682246447,nan,nan,nan,nan,nan,nan,nan,nan,nan
ordered_transformer,libero_10,0,LIVING_ROOM_SCENE2_put_both_the_alphabet_soup_and_the_tomato_sauce_in_the_basket,342,342,1,0,319,16,16,20.0,"{""15"": 4, ""20"": 8, ""25"": 4}",1940.9749177284539,1940.9749177284539,13029.4777341187,1746.0018158890307,1912.5888319686055,100.28532985597849,nan,nan,nan,nan,nan,nan,nan,nan,nan
ordered_visual_query,libero_10,0,LIVING_ROOM_SCENE2_put_both_the_alphabet_soup_and_the_tomato_sauce_in_the_basket,342,342,1,0,359,18,18,20.0,"{""15"": 6, ""20"": 6, ""25"": 6}",2266.2056400440633,2266.2056400440633,14097.357749007642,2033.8033307343721,2228.4757448360324,115.02181040123105,nan,nan,nan,nan,nan,nan,nan,nan,nan
ordered_expert_hidden,libero_10,0,LIVING_ROOM_SCENE2_put_both_the_alphabet_soup_and_the_tomato_sauce_in_the_basket,342,342,1,0,319,16,16,19.6875,"{""5"": 1, ""15"": 3, ""20"": 7, ""25"": 5}",1955.0385558977723,1955.0385558977723,13067.019809037447,1753.0328501015902,1923.6077978275716,101.40276048332453,nan,nan,nan,nan,nan,nan,nan,nan,nan
ordered_expert_hidden,libero_10,0,LIVING_ROOM_SCENE2_put_both_the_alphabet_soup_and_the_tomato_sauce_in_the_basket,343,343,1,0,322,16,16,20.625,"{""15"": 4, ""20"": 6, ""25"": 6}",2002.4560866877437,2002.4560866877437,13177.145749796182,1791.3241693750024,1969.866111408919,103.92357176169753,nan,nan,nan,nan,nan,nan,nan,nan,nan
ordered_visual_query,libero_10,0,LIVING_ROOM_SCENE2_put_both_the_alphabet_soup_and_the_tomato_sauce_in_the_basket,343,343,1,0,417,21,21,19.523809523809526,"{""5"": 1, ""15"": 6, ""20"": 7, ""25"": 7}",2617.4198193475604,2617.4198193475604,15341.918742284179,2350.4966031759977,2575.8940037339926,135.28071623295546,nan,nan,nan,nan,nan,nan,nan,nan,nan
ordered_transformer,libero_10,0,LIVING_ROOM_SCENE2_put_both_the_alphabet_soup_and_the_tomato_sauce_in_the_basket,343,343,1,0,323,16,16,20.3125,"{""15"": 4, ""20"": 7, ""25"": 5}",1965.4885767959058,1965.4885767959058,13083.245368208736,1764.4360163249075,1936.4034696482122,102.21731895580888,nan,nan,nan,nan,nan,nan,nan,nan,nan
ordered_transformer,libero_10,0,LIVING_ROOM_SCENE2_put_both_the_alphabet_soup_and_the_tomato_sauce_in_the_basket,344,344,1,0,268,13,13,20.76923076923077,"{""15"": 2, ""20"": 7, ""25"": 4}",1607.306047808379,1607.306047808379,12176.418509334326,1438.7971688993275,1582.3613610118628,81.30513411015272,nan,nan,nan,nan,nan,nan,nan,nan,nan
ordered_visual_query,libero_10,0,LIVING_ROOM_SCENE2_put_both_the_alphabet_soup_and_the_tomato_sauce_in_the_basket,344,344,1,0,272,13,13,20.384615384615383,"{""15"": 4, ""20"": 4, ""25"": 5}",1446.8179098330438,1446.8179098330438,12081.506249960512,1326.3956946320832,1423.234117217362,67.00908998027444,nan,nan,nan,nan,nan,nan,nan,nan,nan
ordered_expert_hidden,libero_10,0,LIVING_ROOM_SCENE2_put_both_the_alphabet_soup_and_the_tomato_sauce_in_the_basket,344,344,1,0,354,18,18,20.0,"{""5"": 1, ""15"": 3, ""20"": 8, ""25"": 6}",2233.4728594869375,2233.4728594869375,14392.385120037943,2003.1991256400943,2198.3355078846216,118.29175567254424,nan,nan,nan,nan,nan,nan,nan,nan,nan
ordered_expert_hidden,libero_10,0,LIVING_ROOM_SCENE2_put_both_the_alphabet_soup_and_the_tomato_sauce_in_the_basket,345,345,1,0,282,14,14,19.642857142857142,"{""10"": 1, ""15"": 2, ""20"": 8, ""25"": 3}",1730.39685562253,1730.39685562253,12204.198781400919,1553.042450454086,1701.7892566509545,90.31827887520194,nan,nan,nan,nan,nan,nan,nan,nan,nan
ordered_visual_query,libero_10,0,LIVING_ROOM_SCENE2_put_both_the_alphabet_soup_and_the_tomato_sauce_in_the_basket,345,345,1,0,286,14,14,20.0,"{""5"": 1, ""15"": 2, ""20"": 6, ""25"": 5}",1650.8980887010694,1650.8980887010694,12282.754282001406,1492.4937384203076,1624.2717611603439,81.51612151414156,nan,nan,nan,nan,nan,nan,nan,nan,nan
ordered_transformer,libero_10,0,LIVING_ROOM_SCENE2_put_both_the_alphabet_soup_and_the_tomato_sauce_in_the_basket,345,345,1,0,281,14,14,19.642857142857142,"{""10"": 1, ""15"": 2, ""20"": 8, ""25"": 3}",1718.8632958568633,1718.8632958568633,12052.130131982267,1543.5584131628275,1692.6539922133088,88.39065115898848,nan,nan,nan,nan,nan,nan,nan,nan,nan
ordered_transformer,libero_10,1,LIVING_ROOM_SCENE2_put_both_the_cream_cheese_box_and_the_butter_in_the_basket,336,336,1,0,242,20,20,12.5,"{""5"": 10, ""15"": 3, ""20"": 4, ""25"": 3}",2370.7273160107434,2370.7273160107434,12097.228517755866,2130.5023222230375,2334.4128406606615,120.25896506384015,nan,nan,nan,nan,nan,nan,nan,nan,nan
ordered_visual_query,libero_10,1,LIVING_ROOM_SCENE2_put_both_the_cream_cheese_box_and_the_butter_in_the_basket,336,336,1,0,252,21,21,12.380952380952381,"{""5"": 10, ""15"": 5, ""20"": 3, ""25"": 3}",2572.5669474340975,2572.5669474340975,12554.625334218144,2316.3425750099123,2532.1580381132662,129.8384042456746,nan,nan,nan,nan,nan,nan,nan,nan,nan
ordered_expert_hidden,libero_10,1,LIVING_ROOM_SCENE2_put_both_the_cream_cheese_box_and_the_butter_in_the_basket,336,336,1,0,250,21,21,11.428571428571429,"{""5"": 11, ""15"": 4, ""20"": 5, ""25"": 1}",2580.176206305623,2580.176206305623,12758.360115345567,2318.3993021957576,2538.3568755351007,143.16440094262362,nan,nan,nan,nan,nan,nan,nan,nan,nan
ordered_expert_hidden,libero_10,1,LIVING_ROOM_SCENE2_put_both_the_cream_cheese_box_and_the_butter_in_the_basket,337,337,1,0,259,20,20,13.0,"{""5"": 8, ""10"": 1, ""15"": 3, ""20"": 7, ""25"": 1}",2445.406351238489,2445.406351238489,12543.560723308474,2197.6090809330344,2407.58189605549,128.34243662655354,nan,nan,nan,nan,nan,nan,nan,nan,nan
ordered_visual_query,libero_10,1,LIVING_ROOM_SCENE2_put_both_the_cream_cheese_box_and_the_butter_in_the_basket,337,337,1,0,271,22,22,12.045454545454545,"{""5"": 11, ""15"": 4, ""20"": 5, ""25"": 2}",2655.8090960606933,2655.8090960606933,12884.231006726623,2392.897138837725,2617.11031710729,138.08730710297823,nan,nan,nan,nan,nan,nan,nan,nan,nan
ordered_transformer,libero_10,1,LIVING_ROOM_SCENE2_put_both_the_cream_cheese_box_and_the_butter_in_the_basket,337,337,1,0,269,21,21,12.619047619047619,"{""5"": 9, ""10"": 1, ""15"": 4, ""20"": 5, ""25"": 2}",2535.8821665868163,2535.8821665868163,12685.249669011682,2281.301897019148,2499.7157407924533,129.82969218865037,nan,nan,nan,nan,nan,nan,nan,nan,nan
ordered_transformer,libero_10,1,LIVING_ROOM_SCENE2_put_both_the_cream_cheese_box_and_the_butter_in_the_basket,338,338,1,0,254,20,20,12.75,"{""5"": 9, ""15"": 3, ""20"": 7, ""25"": 1}",2413.7577526271343,2413.7577526271343,12351.599131245166,2168.457801453769,2379.8516551032662,124.65515825897455,nan,nan,nan,nan,nan,nan,nan,nan,nan
ordered_visual_query,libero_10,1,LIVING_ROOM_SCENE2_put_both_the_cream_cheese_box_and_the_butter_in_the_basket,338,338,1,0,243,18,18,13.61111111111111,"{""5"": 7, ""15"": 4, ""20"": 5, ""25"": 2}",2193.3324178680778,2193.3324178680778,12074.546927120537,1974.615746177733,2160.118566825986,115.9011167474091,nan,nan,nan,nan,nan,nan,nan,nan,nan
ordered_expert_hidden,libero_10,1,LIVING_ROOM_SCENE2_put_both_the_cream_cheese_box_and_the_butter_in_the_basket,338,338,1,0,235,20,20,11.5,"{""5"": 11, ""15"": 3, ""20"": 4, ""25"": 2}",2410.676152445376,2410.676152445376,12011.415680870414,2161.3040822558105,2373.363650403917,123.962736222893,nan,nan,nan,nan,nan,nan,nan,nan,nan
ordered_expert_hidden,libero_10,1,LIVING_ROOM_SCENE2_put_both_the_cream_cheese_box_and_the_butter_in_the_basket,339,339,1,0,251,21,21,11.666666666666666,"{""5"": 11, ""15"": 4, ""20"": 4, ""25"": 2}",2566.737276967615,2566.737276967615,12594.98434793204,2306.827963795513,2525.44523216784,134.08897863700986,nan,nan,nan,nan,nan,nan,nan,nan,nan
ordered_visual_query,libero_10,1,LIVING_ROOM_SCENE2_put_both_the_cream_cheese_box_and_the_butter_in_the_basket,339,339,1,0,247,18,18,13.61111111111111,"{""5"": 7, ""15"": 4, ""20"": 5, ""25"": 2}",2199.4074839167297,2199.4074839167297,12091.38931101188,1976.6606660559773,2165.587123017758,113.91299171373248,nan,nan,nan,nan,nan,nan,nan,nan,nan
ordered_transformer,libero_10,1,LIVING_ROOM_SCENE2_put_both_the_cream_cheese_box_and_the_butter_in_the_basket,339,339,1,0,253,19,19,13.157894736842104,"{""5"": 8, ""15"": 4, ""20"": 5, ""25"": 2}",2241.2078590132296,2241.2078590132296,12256.677018944174,2025.7002227008343,2209.0005702339113,114.58300519734621,nan,nan,nan,nan,nan,nan,nan,nan,nan
ordered_transformer,libero_10,1,LIVING_ROOM_SCENE2_put_both_the_cream_cheese_box_and_the_butter_in_the_basket,340,340,1,0,294,21,21,14.285714285714286,"{""5"": 8, ""15"": 3, ""20"": 7, ""25"": 3}",2560.254357755184,2560.254357755184,13198.15279264003,2299.9996365979314,2523.859102278948,130.94068877398968,nan,nan,nan,nan,nan,nan,nan,nan,nan
ordered_visual_query,libero_10,1,LIVING_ROOM_SCENE2_put_both_the_cream_cheese_box_and_the_butter_in_the_basket,340,340,1,0,253,17,17,15.294117647058824,"{""5"": 6, ""15"": 3, ""20"": 3, ""25"": 5}",2085.7961485162377,2085.7961485162377,12046.679652761668,1871.8916778452694,2051.8232411704957,104.4131051748991,nan,nan,nan,nan,nan,nan,nan,nan,nan
ordered_expert_hidden,libero_10,1,LIVING_ROOM_SCENE2_put_both_the_cream_cheese_box_and_the_butter_in_the_basket,340,340,1,0,295,20,20,14.75,"{""5"": 7, ""15"": 3, ""20"": 7, ""25"": 3}",2436.400344595313,2436.400344595313,13135.45266771689,2183.2815068773925,2396.3456070050597,128.4921453334391,nan,nan,nan,nan,nan,nan,nan,nan,nan
ordered_expert_hidden,libero_10,1,LIVING_ROOM_SCENE2_put_both_the_cream_cheese_box_and_the_butter_in_the_basket,341,341,1,0,249,18,18,13.61111111111111,"{""5"": 7, ""15"": 4, ""20"": 5, ""25"": 2}",2196.976668667048,2196.976668667048,12089.904071763158,1971.3154551573098,2162.3683851212263,114.21651439741254,nan,nan,nan,nan,nan,nan,nan,nan,nan
ordered_visual_query,libero_10,1,LIVING_ROOM_SCENE2_put_both_the_cream_cheese_box_and_the_butter_in_the_basket,341,341,1,0,255,17,17,14.411764705882353,"{""5"": 6, ""15"": 4, ""20"": 4, ""25"": 3}",2010.7675534673035,2010.7675534673035,12086.46982582286,1813.6730520054698,1980.304236523807,99.51267996802926,nan,nan,nan,nan,nan,nan,nan,nan,nan
ordered_transformer,libero_10,1,LIVING_ROOM_SCENE2_put_both_the_cream_cheese_box_and_the_butter_in_the_basket,341,341,1,0,248,18,18,13.61111111111111,"{""5"": 7, ""15"": 4, ""20"": 5, ""25"": 2}",2124.157279264182,2124.157279264182,12023.326553869992,1909.935811534524,2093.8170067965984,109.44772232323885,nan,nan,nan,nan,nan,nan,nan,nan,nan
ordered_transformer,libero_10,1,LIVING_ROOM_SCENE2_put_both_the_cream_cheese_box_and_the_butter_in_the_basket,342,342,1,0,249,20,20,12.75,"{""5"": 9, ""15"": 4, ""20"": 5, ""25"": 2}",2416.695637162775,2416.695637162775,12230.540486983955,2174.1365822963417,2382.189836818725,126.27679388970137,nan,nan,nan,nan,nan,nan,nan,nan,nan
ordered_visual_query,libero_10,1,LIVING_ROOM_SCENE2_put_both_the_cream_cheese_box_and_the_butter_in_the_basket,342,342,1,0,261,20,20,13.0,"{""5"": 9, ""15"": 4, ""20"": 4, ""25"": 3}",2452.225753571838,2452.225753571838,12653.716772794724,2206.9163974374533,2412.63163741678,123.99532552808523,nan,nan,nan,nan,nan,nan,nan,nan,nan
ordered_expert_hidden,libero_10,1,LIVING_ROOM_SCENE2_put_both_the_cream_cheese_box_and_the_butter_in_the_basket,342,342,1,0,252,21,21,12.380952380952381,"{""5"": 10, ""15"": 4, ""20"": 5, ""25"": 2}",2570.4986308701336,2570.4986308701336,12635.430715978146,2305.626843124628,2530.012225266546,134.13728028535843,nan,nan,nan,nan,nan,nan,nan,nan,nan
ordered_expert_hidden,libero_10,1,LIVING_ROOM_SCENE2_put_both_the_cream_cheese_box_and_the_butter_in_the_basket,343,343,1,0,248,18,18,14.166666666666666,"{""5"": 7, ""15"": 3, ""20"": 5, ""25"": 3}",2219.1803636960685,2219.1803636960685,12253.598725888878,1996.6941261664033,2186.2066062167287,114.73304824903607,nan,nan,nan,nan,nan,nan,nan,nan,nan
ordered_visual_query,libero_10,1,LIVING_ROOM_SCENE2_put_both_the_cream_cheese_box_and_the_butter_in_the_basket,343,343,1,0,250,18,18,13.88888888888889,"{""5"": 7, ""15"": 4, ""20"": 4, ""25"": 3}",2192.8472416475415,2192.8472416475415,12230.982037261128,1966.231003869325,2155.460990499705,117.66679957509041,nan,nan,nan,nan,nan,nan,nan,nan,nan
ordered_transformer,libero_10,1,LIVING_ROOM_SCENE2_put_both_the_cream_cheese_box_and_the_butter_in_the_basket,343,343,1,0,244,16,16,15.3125,"{""5"": 5, ""15"": 3, ""20"": 5, ""25"": 3}",1951.9397248513997,1951.9397248513997,11655.20704118535,1758.9934663847089,1922.6939412765205,99.74160837009549,nan,nan,nan,nan,nan,nan,nan,nan,nan
ordered_transformer,libero_10,1,LIVING_ROOM_SCENE2_put_both_the_cream_cheese_box_and_the_butter_in_the_basket,344,344,1,0,394,30,30,13.333333333333334,"{""5"": 10, ""15"": 11, ""20"": 8, ""25"": 1}",3580.6884514167905,3580.6884514167905,15849.46408867836,3226.9696523435414,3529.6526583842933,184.48741035535932,nan,nan,nan,nan,nan,nan,nan,nan,nan
ordered_visual_query,libero_10,1,LIVING_ROOM_SCENE2_put_both_the_cream_cheese_box_and_the_butter_in_the_basket,344,344,1,0,263,22,22,12.272727272727273,"{""5"": 10, ""15"": 6, ""20"": 4, ""25"": 2}",2689.3257219344378,2689.3257219344378,12883.942667860538,2404.2131095193326,2647.010119166225,136.73653407022357,nan,nan,nan,nan,nan,nan,nan,nan,nan
ordered_expert_hidden,libero_10,1,LIVING_ROOM_SCENE2_put_both_the_cream_cheese_box_and_the_butter_in_the_basket,344,344,1,0,402,29,29,13.793103448275861,"{""5"": 9, ""15"": 12, ""20"": 5, ""25"": 3}",3550.225338432938,3550.225338432938,16155.712105799466,3185.8421112410724,3494.823094457388,183.89298347756267,nan,nan,nan,nan,nan,nan,nan,nan,nan
ordered_expert_hidden,libero_10,1,LIVING_ROOM_SCENE2_put_both_the_cream_cheese_box_and_the_butter_in_the_basket,345,345,1,0,234,20,20,11.5,"{""5"": 11, ""15"": 3, ""20"": 4, ""25"": 2}",2419.9335305020213,2419.9335305020213,12265.120564959943,2173.04572975263,2381.0800700448453,122.07275116816163,nan,nan,nan,nan,nan,nan,nan,nan,nan
ordered_visual_query,libero_10,1,LIVING_ROOM_SCENE2_put_both_the_cream_cheese_box_and_the_butter_in_the_basket,345,345,1,0,245,15,15,16.333333333333332,"{""5"": 4, ""15"": 3, ""20"": 4, ""25"": 4}",1847.697343211621,1847.697343211621,11721.359265968204,1659.036892466247,1820.7746502012014,93.9065283164382,nan,nan,nan,nan,nan,nan,nan,nan,nan
ordered_transformer,libero_10,1,LIVING_ROOM_SCENE2_put_both_the_cream_cheese_box_and_the_butter_in_the_basket,345,345,1,0,243,18,18,13.61111111111111,"{""5"": 7, ""15"": 4, ""20"": 5, ""25"": 2}",2179.7799449414015,2179.7799449414015,12041.362566873431,1959.7987085580826,2148.620665539056,111.62730306386948,nan,nan,nan,nan,nan,nan,nan,nan,nan
ordered_transformer,libero_10,2,KITCHEN_SCENE3_turn_on_the_stove_and_put_the_moka_pot_on_it,336,336,0,1,1000,45,45,22.0,"{""10"": 1, ""20"": 24, ""25"": 20}",5451.280319131911,5451.280319131911,19098.426373209804,4904.136411845684,5371.943154837936,276.9415923394263,nan,nan,nan,nan,nan,nan,nan,nan,nan
ordered_visual_query,libero_10,2,KITCHEN_SCENE3_turn_on_the_stove_and_put_the_moka_pot_on_it,336,336,1,0,284,12,12,24.583333333333332,"{""20"": 1, ""25"": 11}",1475.6407770328224,1475.6407770328224,7165.52854841575,1327.6722063310444,1454.4465239159763,76.71007979661226,nan,nan,nan,nan,nan,nan,nan,nan,nan
ordered_expert_hidden,libero_10,2,KITCHEN_SCENE3_turn_on_the_stove_and_put_the_moka_pot_on_it,336,336,1,0,272,11,11,24.09090909090909,"{""20"": 2, ""25"": 9}",1368.6789786443114,1368.6789786443114,6991.244303993881,1226.119503378868,1349.8374363407493,70.33934351056814,nan,nan,nan,nan,nan,nan,nan,nan,nan
ordered_expert_hidden,libero_10,2,KITCHEN_SCENE3_turn_on_the_stove_and_put_the_moka_pot_on_it,337,337,1,0,261,11,11,24.09090909090909,"{""20"": 2, ""25"": 9}",1359.367709606886,1359.367709606886,6775.925499852747,1222.268777899444,1340.140090789646,72.07909831777215,nan,nan,nan,nan,nan,nan,nan,nan,nan
ordered_visual_query,libero_10,2,KITCHEN_SCENE3_turn_on_the_stove_and_put_the_moka_pot_on_it,337,337,1,0,272,11,11,24.545454545454547,"{""20"": 1, ""25"": 10}",1361.9526638649404,1361.9526638649404,6950.159805826843,1225.1585815101862,1342.534901574254,72.52108445391059,nan,nan,nan,nan,nan,nan,nan,nan,nan
ordered_transformer,libero_10,2,KITCHEN_SCENE3_turn_on_the_stove_and_put_the_moka_pot_on_it,337,337,1,0,261,11,11,24.09090909090909,"{""20"": 2, ""25"": 9}",1348.5679673030972,1348.5679673030972,6764.306486584246,1211.2846421077847,1329.209023155272,69.18308604508638,nan,nan,nan,nan,nan,nan,nan,nan,nan
ordered_transformer,libero_10,2,KITCHEN_SCENE3_turn_on_the_stove_and_put_the_moka_pot_on_it,338,338,1,0,255,11,11,24.09090909090909,"{""20"": 2, ""25"": 9}",1361.480482853949,1361.480482853949,6795.653473120183,1223.4351187944412,1341.6809234768152,70.30086033046246,nan,nan,nan,nan,nan,nan,nan,nan,nan
ordered_visual_query,libero_10,2,KITCHEN_SCENE3_turn_on_the_stove_and_put_the_moka_pot_on_it,338,338,1,0,256,11,11,24.545454545454547,"{""20"": 1, ""25"": 10}",1345.1792993582785,1345.1792993582785,6813.912054058164,1209.4704322516918,1326.3983740471303,68.67435993626714,nan,nan,nan,nan,nan,nan,nan,nan,nan
ordered_expert_hidden,libero_10,2,KITCHEN_SCENE3_turn_on_the_stove_and_put_the_moka_pot_on_it,338,338,1,0,247,10,10,24.0,"{""20"": 2, ""25"": 8}",1213.537126313895,1213.537126313895,6522.680338937789,1090.4259542003274,1195.7995686680079,64.88716322928667,nan,nan,nan,nan,nan,nan,nan,nan,nan
ordered_expert_hidden,libero_10,2,KITCHEN_SCENE3_turn_on_the_stove_and_put_the_moka_pot_on_it,339,339,1,0,246,10,10,24.0,"{""20"": 2, ""25"": 8}",1246.6527088545263,1246.6527088545263,6650.837239809334,1118.7680000439286,1228.6226861178875,66.23950367793441,nan,nan,nan,nan,nan,nan,nan,nan,nan
ordered_visual_query,libero_10,2,KITCHEN_SCENE3_turn_on_the_stove_and_put_the_moka_pot_on_it,339,339,1,0,246,10,10,24.0,"{""20"": 2, ""25"": 8}",1234.2339721508324,1234.2339721508324,6624.286457896233,1109.9480725824833,1216.5806707926095,66.23541982844472,nan,nan,nan,nan,nan,nan,nan,nan,nan
ordered_transformer,libero_10,2,KITCHEN_SCENE3_turn_on_the_stove_and_put_the_moka_pot_on_it,339,339,1,0,256,11,11,24.09090909090909,"{""20"": 2, ""25"": 9}",1353.044308256358,1353.044308256358,6864.9802901782095,1216.1185373552144,1332.4500345624983,68.74847272410989,nan,nan,nan,nan,nan,nan,nan,nan,nan
ordered_transformer,libero_10,2,KITCHEN_SCENE3_turn_on_the_stove_and_put_the_moka_pot_on_it,340,340,1,0,246,10,10,24.0,"{""20"": 2, ""25"": 8}",1227.5947607122362,1227.5947607122362,6566.267819143832,1104.0643597953022,1208.7184768170118,62.74857558310032,nan,nan,nan,nan,nan,nan,nan,nan,nan
ordered_visual_query,libero_10,2,KITCHEN_SCENE3_turn_on_the_stove_and_put_the_moka_pot_on_it,340,340,0,1,1000,46,46,21.52173913043478,"{""10"": 1, ""20"": 29, ""25"": 16}",5660.589183215052,5660.589183215052,18904.65524001047,5085.672750137746,5576.1094419285655,293.8235132023692,nan,nan,nan,nan,nan,nan,nan,nan,nan
ordered_expert_hidden,libero_10,2,KITCHEN_SCENE3_turn_on_the_stove_and_put_the_moka_pot_on_it,340,340,1,0,250,10,10,24.0,"{""20"": 2, ""25"": 8}",1176.9452430307865,1176.9452430307865,6584.479625336826,1064.9627218954265,1159.128176048398,61.215669848024845,nan,nan,nan,nan,nan,nan,nan,nan,nan
ordered_expert_hidden,libero_10,2,KITCHEN_SCENE3_turn_on_the_stove_and_put_the_moka_pot_on_it,341,341,1,0,242,10,10,24.0,"{""20"": 2, ""25"": 8}",923.9304941147566,923.9304941147566,6237.7374223433435,871.0869620554149,912.0069085620344,40.92506971210241,nan,nan,nan,nan,nan,nan,nan,nan,nan
ordered_visual_query,libero_10,2,KITCHEN_SCENE3_turn_on_the_stove_and_put_the_moka_pot_on_it,341,341,1,0,242,10,10,24.5,"{""20"": 1, ""25"": 9}",1244.4454599171877,1244.4454599171877,6507.6644090004265,1119.318864773959,1225.8928716182709,64.37093298882246,nan,nan,nan,nan,nan,nan,nan,nan,nan
ordered_transformer,libero_10,2,KITCHEN_SCENE3_turn_on_the_stove_and_put_the_moka_pot_on_it,341,341,1,0,247,10,10,24.0,"{""20"": 2, ""25"": 8}",1217.6846005022526,1217.6846005022526,6679.917740635574,1092.937497422099,1200.2198616974056,62.0722072198987,nan,nan,nan,nan,nan,nan,nan,nan,nan
ordered_transformer,libero_10,2,KITCHEN_SCENE3_turn_on_the_stove_and_put_the_moka_pot_on_it,342,342,1,0,259,11,11,23.181818181818183,"{""15"": 1, ""20"": 2, ""25"": 8}",1345.2769508585334,1345.2769508585334,6890.090711880475,1205.5914080701768,1324.9346469528973,69.56058880314231,nan,nan,nan,nan,nan,nan,nan,nan,nan
ordered_visual_query,libero_10,2,KITCHEN_SCENE3_turn_on_the_stove_and_put_the_moka_pot_on_it,342,342,1,0,239,10,10,24.5,"{""20"": 1, ""25"": 9}",1241.140826139599,1241.140826139599,6515.17220819369,1114.4817732274532,1221.1491740308702,64.9691903963685,nan,nan,nan,nan,nan,nan,nan,nan,nan
ordered_expert_hidden,libero_10,2,KITCHEN_SCENE3_turn_on_the_stove_and_put_the_moka_pot_on_it,342,342,1,0,262,11,11,23.181818181818183,"{""15"": 1, ""20"": 2, ""25"": 8}",1158.3431879989803,1158.3431879989803,6615.07089715451,1068.08356102556,1142.6890869624913,51.66872264817357,nan,nan,nan,nan,nan,nan,nan,nan,nan
ordered_expert_hidden,libero_10,2,KITCHEN_SCENE3_turn_on_the_stove_and_put_the_moka_pot_on_it,343,343,0,1,1000,47,47,21.06382978723404,"{""20"": 37, ""25"": 10}",5839.378965087235,5839.378965087235,19109.604854136705,5240.682612173259,5754.348178394139,301.9669489003718,nan,nan,nan,nan,nan,nan,nan,nan,nan
ordered_visual_query,libero_10,2,KITCHEN_SCENE3_turn_on_the_stove_and_put_the_moka_pot_on_it,343,343,1,0,259,11,11,24.545454545454547,"{""20"": 1, ""25"": 10}",1397.0511709339917,1397.0511709339917,7029.9519542604685,1254.4941361993551,1376.3477080501616,70.39627758786082,nan,nan,nan,nan,nan,nan,nan,nan,nan
ordered_transformer,libero_10,2,KITCHEN_SCENE3_turn_on_the_stove_and_put_the_moka_pot_on_it,343,343,1,0,236,10,10,24.0,"{""20"": 2, ""25"": 8}",1213.7003960087895,1213.7003960087895,6437.69685504958,1089.8797754198313,1193.7416880391538,61.69225974008441,nan,nan,nan,nan,nan,nan,nan,nan,nan
ordered_transformer,libero_10,2,KITCHEN_SCENE3_turn_on_the_stove_and_put_the_moka_pot_on_it,344,344,1,0,243,10,10,24.0,"{""20"": 2, ""25"": 8}",1236.4091034978628,1236.4091034978628,6583.656893111765,1109.5391283743083,1217.152674216777,64.99033980071545,nan,nan,nan,nan,nan,nan,nan,nan,nan
ordered_visual_query,libero_10,2,KITCHEN_SCENE3_turn_on_the_stove_and_put_the_moka_pot_on_it,344,344,1,0,255,10,10,25.0,"{""25"": 10}",1243.2004339061677,1243.2004339061677,6725.21355189383,1116.5023259818554,1224.8597787693143,65.829505212605,nan,nan,nan,nan,nan,nan,nan,nan,nan
ordered_expert_hidden,libero_10,2,KITCHEN_SCENE3_turn_on_the_stove_and_put_the_moka_pot_on_it,344,344,1,0,249,10,10,24.0,"{""20"": 2, ""25"": 8}",1229.8735692165792,1229.8735692165792,6563.223354984075,1102.1165191195905,1212.1047861874104,69.6942675858736,nan,nan,nan,nan,nan,nan,nan,nan,nan
ordered_expert_hidden,libero_10,2,KITCHEN_SCENE3_turn_on_the_stove_and_put_the_moka_pot_on_it,345,345,1,0,283,12,12,24.166666666666668,"{""20"": 2, ""25"": 10}",1471.5992682613432,1471.5992682613432,7311.567832250148,1320.7463454455137,1450.7829528301954,76.4164119027555,nan,nan,nan,nan,nan,nan,nan,nan,nan
ordered_visual_query,libero_10,2,KITCHEN_SCENE3_turn_on_the_stove_and_put_the_moka_pot_on_it,345,345,1,0,255,11,11,24.09090909090909,"{""20"": 2, ""25"": 9}",1358.6285542696714,1358.6285542696714,6869.263334199786,1216.9602788053453,1335.402850061655,68.28217348083854,nan,nan,nan,nan,nan,nan,nan,nan,nan
ordered_transformer,libero_10,2,KITCHEN_SCENE3_turn_on_the_stove_and_put_the_moka_pot_on_it,345,345,1,0,259,11,11,24.09090909090909,"{""20"": 2, ""25"": 9}",1348.3982649631798,1348.3982649631798,6873.786232899874,1211.5373285487294,1328.8192483596504,69.04597766697407,nan,nan,nan,nan,nan,nan,nan,nan,nan
ordered_transformer,libero_10,3,KITCHEN_SCENE4_put_the_black_bowl_in_the_bottom_drawer_of_the_cabinet_and_close_it,336,336,1,0,240,11,11,22.272727272727273,"{""10"": 1, ""20"": 3, ""25"": 7}",1328.135963063687,1328.135963063687,7868.857641238719,1197.3562962375581,1308.595085516572,67.57562886923552,nan,nan,nan,nan,nan,nan,nan,nan,nan
ordered_visual_query,libero_10,3,KITCHEN_SCENE4_put_the_black_bowl_in_the_bottom_drawer_of_the_cabinet_and_close_it,336,336,1,0,811,36,36,22.5,"{""20"": 18, ""25"": 18}",4416.131868958473,4416.131868958473,19745.958970859647,3957.2602906264365,4346.2380496785045,225.4214333370328,nan,nan,nan,nan,nan,nan,nan,nan,nan
ordered_expert_hidden,libero_10,3,KITCHEN_SCENE4_put_the_black_bowl_in_the_bottom_drawer_of_the_cabinet_and_close_it,336,336,1,0,226,10,10,23.0,"{""10"": 1, ""20"": 1, ""25"": 8}",1223.9649444818497,1223.9649444818497,7414.479474071413,1098.7821416929364,1206.3620761036873,63.95235424861312,nan,nan,nan,nan,nan,nan,nan,nan,nan
ordered_expert_hidden,libero_10,3,KITCHEN_SCENE4_put_the_black_bowl_in_the_bottom_drawer_of_the_cabinet_and_close_it,337,337,1,0,226,10,10,22.0,"{""10"": 1, ""20"": 3, ""25"": 6}",1228.77650661394,1228.77650661394,7594.723484944552,1102.815539110452,1211.5603908896446,63.894704449921846,nan,nan,nan,nan,nan,nan,nan,nan,nan
ordered_visual_query,libero_10,3,KITCHEN_SCENE4_put_the_black_bowl_in_the_bottom_drawer_of_the_cabinet_and_close_it,337,337,1,0,218,9,9,23.88888888888889,"{""20"": 2, ""25"": 7}",1112.2966292314231,1112.2966292314231,7297.22207179293,996.0305257700384,1094.658747781068,55.87233370169997,nan,nan,nan,nan,nan,nan,nan,nan,nan
ordered_transformer,libero_10,3,KITCHEN_SCENE4_put_the_black_bowl_in_the_bottom_drawer_of_the_cabinet_and_close_it,337,337,1,0,225,10,10,22.5,"{""10"": 1, ""20"": 2, ""25"": 7}",1172.2571733407676,1172.2571733407676,7642.4516923725605,1061.267162207514,1154.5555829070508,58.966977056115866,nan,nan,nan,nan,nan,nan,nan,nan,nan
ordered_transformer,libero_10,3,KITCHEN_SCENE4_put_the_black_bowl_in_the_bottom_drawer_of_the_cabinet_and_close_it,338,338,1,0,240,10,10,23.5,"{""20"": 3, ""25"": 7}",1190.8250600099564,1190.8250600099564,7723.097614943981,1074.9853528104722,1172.883611638099,61.5752930752933,nan,nan,nan,nan,nan,nan,nan,nan,nan
ordered_visual_query,libero_10,3,KITCHEN_SCENE4_put_the_black_bowl_in_the_bottom_drawer_of_the_cabinet_and_close_it,338,338,0,1,1000,71,71,13.943661971830986,"{""10"": 47, ""20"": 16, ""25"": 8}",8514.107898809016,8514.107898809016,26005.484649911523,7675.0492374412715,8384.288301691413,439.1625658608973,nan,nan,nan,nan,nan,nan,nan,nan,nan
ordered_expert_hidden,libero_10,3,KITCHEN_SCENE4_put_the_black_bowl_in_the_bottom_drawer_of_the_cabinet_and_close_it,338,338,0,1,1000,47,47,21.06382978723404,"{""20"": 37, ""25"": 10}",5797.429175581783,5797.429175581783,22238.277269061655,5204.539955593646,5715.065655764192,306.75581470131874,nan,nan,nan,nan,nan,nan,nan,nan,nan
ordered_expert_hidden,libero_10,3,KITCHEN_SCENE4_put_the_black_bowl_in_the_bottom_drawer_of_the_cabinet_and_close_it,339,339,0,1,1000,50,50,19.8,"{""5"": 3, ""20"": 40, ""25"": 7}",6167.638369370252,6167.638369370252,22894.919326063246,5538.553098682314,6078.019179869443,323.39609367772937,nan,nan,nan,nan,nan,nan,nan,nan,nan
ordered_visual_query,libero_10,3,KITCHEN_SCENE4_put_the_black_bowl_in_the_bottom_drawer_of_the_cabinet_and_close_it,339,339,1,0,275,12,12,23.75,"{""15"": 1, ""20"": 1, ""25"": 10}",1412.6433334313333,1412.6433334313333,8818.887555971742,1280.4317814297974,1390.932833775878,88.49438931792974,nan,nan,nan,nan,nan,nan,nan,nan,nan
ordered_transformer,libero_10,3,KITCHEN_SCENE4_put_the_black_bowl_in_the_bottom_drawer_of_the_cabinet_and_close_it,339,339,1,0,250,11,11,22.272727272727273,"{""10"": 1, ""20"": 3, ""25"": 7}",1333.06003222242,1333.06003222242,8103.2704738900065,1195.728838443756,1313.3628647774458,68.23561061173677,nan,nan,nan,nan,nan,nan,nan,nan,nan
ordered_transformer,libero_10,3,KITCHEN_SCENE4_put_the_black_bowl_in_the_bottom_drawer_of_the_cabinet_and_close_it,340,340,1,0,229,12,12,19.583333333333332,"{""5"": 2, ""10"": 1, ""20"": 2, ""25"": 7}",1407.2450110688806,1407.2450110688806,7863.78911184147,1277.5829713791609,1387.1137406677008,69.00053704157472,nan,nan,nan,nan,nan,nan,nan,nan,nan
ordered_visual_query,libero_10,3,KITCHEN_SCENE4_put_the_black_bowl_in_the_bottom_drawer_of_the_cabinet_and_close_it,340,340,1,0,213,9,9,22.77777777777778,"{""15"": 1, ""20"": 2, ""25"": 6}",1041.3220403715968,1041.3220403715968,7285.166091285646,943.8651693053544,1024.4074543006718,51.57161643728614,nan,nan,nan,nan,nan,nan,nan,nan,nan
ordered_expert_hidden,libero_10,3,KITCHEN_SCENE4_put_the_black_bowl_in_the_bottom_drawer_of_the_cabinet_and_close_it,340,340,1,0,219,9,9,23.88888888888889,"{""20"": 2, ""25"": 7}",1111.852946691215,1111.852946691215,7460.858165286481,996.0960620082915,1095.4373921267688,57.04242130741477,nan,nan,nan,nan,nan,nan,nan,nan,nan
ordered_expert_hidden,libero_10,3,KITCHEN_SCENE4_put_the_black_bowl_in_the_bottom_drawer_of_the_cabinet_and_close_it,341,341,1,0,239,10,10,24.0,"{""20"": 2, ""25"": 8}",1232.7418774366379,1232.7418774366379,7874.483730178326,1106.8159746937454,1214.2968629486859,65.51829446107149,nan,nan,nan,nan,nan,nan,nan,nan,nan
ordered_visual_query,libero_10,3,KITCHEN_SCENE4_put_the_black_bowl_in_the_bottom_drawer_of_the_cabinet_and_close_it,341,341,1,0,238,10,10,24.0,"{""20"": 2, ""25"": 8}",1215.1285423897207,1215.1285423897207,7796.338995918632,1100.0143378041685,1196.52961473912,58.46550175920129,nan,nan,nan,nan,nan,nan,nan,nan,nan
ordered_transformer,libero_10,3,KITCHEN_SCENE4_put_the_black_bowl_in_the_bottom_drawer_of_the_cabinet_and_close_it,341,341,1,0,237,10,10,24.0,"{""20"": 2, ""25"": 8}",1220.1567995361984,1220.1567995361984,7763.669240754098,1094.5297917351127,1202.1320224739611,63.03659873083234,nan,nan,nan,nan,nan,nan,nan,nan,nan
ordered_transformer,libero_10,3,KITCHEN_SCENE4_put_the_black_bowl_in_the_bottom_drawer_of_the_cabinet_and_close_it,342,342,1,0,236,11,11,22.272727272727273,"{""10"": 1, ""20"": 3, ""25"": 7}",1345.0783961452544,1345.0783961452544,7821.2980623357,1206.953413784504,1325.2343661151826,70.02638326957822,nan,nan,nan,nan,nan,nan,nan,nan,nan
ordered_visual_query,libero_10,3,KITCHEN_SCENE4_put_the_black_bowl_in_the_bottom_drawer_of_the_cabinet_and_close_it,342,342,1,0,230,10,10,23.0,"{""15"": 1, ""20"": 2, ""25"": 7}",1239.580622408539,1239.580622408539,7718.846389092505,1113.883048761636,1220.4995546489954,63.83145460858941,nan,nan,nan,nan,nan,nan,nan,nan,nan
ordered_expert_hidden,libero_10,3,KITCHEN_SCENE4_put_the_black_bowl_in_the_bottom_drawer_of_the_cabinet_and_close_it,342,342,1,0,239,10,10,23.0,"{""10"": 1, ""20"": 1, ""25"": 8}",1246.6156431473792,1246.6156431473792,7811.6848901845515,1123.1934907846153,1227.7958788909018,65.45398384332657,nan,nan,nan,nan,nan,nan,nan,nan,nan
ordered_expert_hidden,libero_10,3,KITCHEN_SCENE4_put_the_black_bowl_in_the_bottom_drawer_of_the_cabinet_and_close_it,343,343,1,0,226,11,11,20.90909090909091,"{""5"": 1, ""10"": 1, ""20"": 2, ""25"": 7}",1335.9670699574053,1335.9670699574053,7683.296789880842,1197.0367496833205,1314.963215496391,68.23634542524815,nan,nan,nan,nan,nan,nan,nan,nan,nan
ordered_visual_query,libero_10,3,KITCHEN_SCENE4_put_the_black_bowl_in_the_bottom_drawer_of_the_cabinet_and_close_it,343,343,1,0,221,9,9,24.444444444444443,"{""20"": 1, ""25"": 8}",1101.9794195890427,1101.9794195890427,7422.568668145686,989.2254825681448,1085.37163073197,56.339028757065535,nan,nan,nan,nan,nan,nan,nan,nan,nan
ordered_transformer,libero_10,3,KITCHEN_SCENE4_put_the_black_bowl_in_the_bottom_drawer_of_the_cabinet_and_close_it,343,343,1,0,223,11,11,20.0,"{""5"": 2, ""10"": 1, ""25"": 8}",1325.7624255493283,1325.7624255493283,7604.472599923611,1191.1548152565956,1306.5949575975537,68.58636252582073,nan,nan,nan,nan,nan,nan,nan,nan,nan
ordered_transformer,libero_10,3,KITCHEN_SCENE4_put_the_black_bowl_in_the_bottom_drawer_of_the_cabinet_and_close_it,344,344,1,0,238,13,13,18.846153846153847,"{""5"": 2, ""10"": 1, ""20"": 5, ""25"": 5}",1566.7285067029297,1566.7285067029297,8024.424221366644,1409.7000872716308,1544.2221369594336,80.12651233002543,nan,nan,nan,nan,nan,nan,nan,nan,nan
ordered_visual_query,libero_10,3,KITCHEN_SCENE4_put_the_black_bowl_in_the_bottom_drawer_of_the_cabinet_and_close_it,344,344,1,0,244,11,11,22.272727272727273,"{""15"": 2, ""20"": 2, ""25"": 7}",1358.2460065372288,1358.2460065372288,8015.144614037126,1218.3882561512291,1338.671378325671,68.92655743286014,nan,nan,nan,nan,nan,nan,nan,nan,nan
ordered_expert_hidden,libero_10,3,KITCHEN_SCENE4_put_the_black_bowl_in_the_bottom_drawer_of_the_cabinet_and_close_it,344,344,1,0,242,13,13,19.23076923076923,"{""5"": 2, ""10"": 1, ""20"": 4, ""25"": 6}",1594.6260099299252,1594.6260099299252,8257.11106415838,1427.893437910825,1570.2529312111437,80.40576335042715,nan,nan,nan,nan,nan,nan,nan,nan,nan
ordered_expert_hidden,libero_10,3,KITCHEN_SCENE4_put_the_black_bowl_in_the_bottom_drawer_of_the_cabinet_and_close_it,345,345,1,0,251,10,10,24.5,"{""20"": 1, ""25"": 9}",1238.9616263099015,1238.9616263099015,8147.451116237789,1106.2605902552605,1220.1586300507188,64.47622831910849,nan,nan,nan,nan,nan,nan,nan,nan,nan
ordered_visual_query,libero_10,3,KITCHEN_SCENE4_put_the_black_bowl_in_the_bottom_drawer_of_the_cabinet_and_close_it,345,345,1,0,236,10,10,24.0,"{""20"": 2, ""25"": 8}",1226.8740478903055,1226.8740478903055,7763.955485075712,1101.9305884838104,1208.8697142899036,59.26997307687998,nan,nan,nan,nan,nan,nan,nan,nan,nan
ordered_transformer,libero_10,3,KITCHEN_SCENE4_put_the_black_bowl_in_the_bottom_drawer_of_the_cabinet_and_close_it,345,345,1,0,236,13,13,18.46153846153846,"{""5"": 2, ""10"": 2, ""20"": 3, ""25"": 6}",1581.9301204755902,1581.9301204755902,8261.670306324959,1423.21075219661,1558.6190847679973,80.00806719064713,nan,nan,nan,nan,nan,nan,nan,nan,nan
ordered_transformer,libero_10,4,LIVING_ROOM_SCENE5_put_the_white_mug_on_the_left_plate_and_put_the_yellow_and_white_mug_on_the_right_plate,336,336,1,0,237,11,11,20.90909090909091,"{""15"": 4, ""20"": 1, ""25"": 6}",1349.8332304880023,1349.8332304880023,12089.149434119463,1213.310418650508,1329.7475948929787,70.7314140163362,nan,nan,nan,nan,nan,nan,nan,nan,nan
ordered_visual_query,libero_10,4,LIVING_ROOM_SCENE5_put_the_white_mug_on_the_left_plate_and_put_the_yellow_and_white_mug_on_the_right_plate,336,336,1,0,239,12,12,20.416666666666668,"{""15"": 5, ""20"": 1, ""25"": 6}",1481.6038175486028,1481.6038175486028,12375.571469776332,1325.5093800835311,1457.5704694725573,76.71968312934041,nan,nan,nan,nan,nan,nan,nan,nan,nan
ordered_expert_hidden,libero_10,4,LIVING_ROOM_SCENE5_put_the_white_mug_on_the_left_plate_and_put_the_yellow_and_white_mug_on_the_right_plate,336,336,1,0,246,12,12,20.0,"{""15"": 5, ""20"": 2, ""25"": 5}",1497.9483843781054,1497.9483843781054,12738.417231012136,1342.8345038555562,1474.824876524508,78.73290777206421,nan,nan,nan,nan,nan,nan,nan,nan,nan
ordered_expert_hidden,libero_10,4,LIVING_ROOM_SCENE5_put_the_white_mug_on_the_left_plate_and_put_the_yellow_and_white_mug_on_the_right_plate,337,337,0,1,1000,50,50,19.8,"{""5"": 1, ""15"": 5, ""20"": 38, ""25"": 6}",6178.864225745201,6178.864225745201,27689.91943821311,5535.952317994088,6087.849590461701,323.5799176618457,nan,nan,nan,nan,nan,nan,nan,nan,nan
ordered_visual_query,libero_10,4,LIVING_ROOM_SCENE5_put_the_white_mug_on_the_left_plate_and_put_the_yellow_and_white_mug_on_the_right_plate,337,337,0,1,1000,45,45,22.0,"{""15"": 5, ""20"": 17, ""25"": 23}",5522.695010527968,5522.695010527968,29272.538564167917,4974.278762470931,5441.563792061061,285.1467337459326,nan,nan,nan,nan,nan,nan,nan,nan,nan
ordered_transformer,libero_10,4,LIVING_ROOM_SCENE5_put_the_white_mug_on_the_left_plate_and_put_the_yellow_and_white_mug_on_the_right_plate,337,337,0,1,1000,50,50,19.8,"{""10"": 1, ""15"": 5, ""20"": 39, ""25"": 5}",6161.9657087139785,6161.9657087139785,27569.521006196737,5514.685710892081,6063.736546784639,316.9767507351935,nan,nan,nan,nan,nan,nan,nan,nan,nan
ordered_transformer,libero_10,4,LIVING_ROOM_SCENE5_put_the_white_mug_on_the_left_plate_and_put_the_yellow_and_white_mug_on_the_right_plate,338,338,1,0,372,18,18,20.27777777777778,"{""15"": 5, ""20"": 7, ""25"": 6}",2229.8708162270486,2229.8708162270486,14688.789514824748,1997.9780102148652,2195.9156417287886,115.61600072309375,nan,nan,nan,nan,nan,nan,nan,nan,nan
ordered_visual_query,libero_10,4,LIVING_ROOM_SCENE5_put_the_white_mug_on_the_left_plate_and_put_the_yellow_and_white_mug_on_the_right_plate,338,338,0,1,1000,49,49,20.20408163265306,"{""15"": 6, ""20"": 35, ""25"": 8}",4806.466643232852,4806.466643232852,25767.33087701723,4461.864979937673,4738.849525339901,184.6930501051247,nan,nan,nan,nan,nan,nan,nan,nan,nan
ordered_expert_hidden,libero_10,4,LIVING_ROOM_SCENE5_put_the_white_mug_on_the_left_plate_and_put_the_yellow_and_white_mug_on_the_right_plate,338,338,1,0,248,13,13,19.23076923076923,"{""15"": 6, ""20"": 3, ""25"": 4}",1588.7522688135505,1588.7522688135505,12497.630105819553,1420.929598622024,1566.0000760108232,82.36146904528141,nan,nan,nan,nan,nan,nan,nan,nan,nan
ordered_expert_hidden,libero_10,4,LIVING_ROOM_SCENE5_put_the_white_mug_on_the_left_plate_and_put_the_yellow_and_white_mug_on_the_right_plate,339,339,1,0,266,13,13,20.384615384615383,"{""15"": 5, ""20"": 2, ""25"": 6}",1621.5044623240829,1621.5044623240829,12776.783843990415,1455.082091037184,1596.5391406789422,84.91430059075356,nan,nan,nan,nan,nan,nan,nan,nan,nan
ordered_visual_query,libero_10,4,LIVING_ROOM_SCENE5_put_the_white_mug_on_the_left_plate_and_put_the_yellow_and_white_mug_on_the_right_plate,339,339,1,0,256,13,13,20.0,"{""15"": 5, ""20"": 3, ""25"": 5}",1590.9209246747196,1590.9209246747196,12593.096141237766,1429.8673872835934,1563.8327584601939,77.22479710355401,nan,nan,nan,nan,nan,nan,nan,nan,nan
ordered_transformer,libero_10,4,LIVING_ROOM_SCENE5_put_the_white_mug_on_the_left_plate_and_put_the_yellow_and_white_mug_on_the_right_plate,339,339,0,1,1000,50,50,19.8,"{""5"": 1, ""15"": 5, ""20"": 38, ""25"": 6}",6091.631050221622,6091.631050221622,27316.99223909527,5471.576197538525,5998.968691099435,309.87847223877907,nan,nan,nan,nan,nan,nan,nan,nan,nan
ordered_transformer,libero_10,4,LIVING_ROOM_SCENE5_put_the_white_mug_on_the_left_plate_and_put_the_yellow_and_white_mug_on_the_right_plate,340,340,1,0,237,12,12,19.583333333333332,"{""15"": 5, ""20"": 3, ""25"": 4}",1470.9827937185764,1470.9827937185764,12096.548272762448,1321.6534056700766,1449.4953704997897,75.57097589597106,nan,nan,nan,nan,nan,nan,nan,nan,nan
ordered_visual_query,libero_10,4,LIVING_ROOM_SCENE5_put_the_white_mug_on_the_left_plate_and_put_the_yellow_and_white_mug_on_the_right_plate,340,340,1,0,240,12,12,19.583333333333332,"{""15"": 6, ""20"": 1, ""25"": 5}",1475.1215595752,1475.1215595752,12249.519920907915,1326.2835782952607,1452.6097057387233,75.36237966269255,nan,nan,nan,nan,nan,nan,nan,nan,nan
ordered_expert_hidden,libero_10,4,LIVING_ROOM_SCENE5_put_the_white_mug_on_the_left_plate_and_put_the_yellow_and_white_mug_on_the_right_plate,340,340,1,0,258,13,13,19.23076923076923,"{""15"": 6, ""20"": 3, ""25"": 4}",1378.8365526124835,1378.8365526124835,12444.287881720811,1266.2206394597888,1360.4014576412737,60.405065305531025,nan,nan,nan,nan,nan,nan,nan,nan,nan
ordered_expert_hidden,libero_10,4,LIVING_ROOM_SCENE5_put_the_white_mug_on_the_left_plate_and_put_the_yellow_and_white_mug_on_the_right_plate,341,341,1,0,234,12,12,19.583333333333332,"{""15"": 5, ""20"": 3, ""25"": 4}",1108.744571916759,1108.744571916759,11720.216185320169,1044.4092210382223,1094.610174652189,38.968564476817846,nan,nan,nan,nan,nan,nan,nan,nan,nan
ordered_visual_query,libero_10,4,LIVING_ROOM_SCENE5_put_the_white_mug_on_the_left_plate_and_put_the_yellow_and_white_mug_on_the_right_plate,341,341,1,0,237,12,12,20.0,"{""15"": 5, ""20"": 2, ""25"": 5}",1486.9267898611724,1486.9267898611724,12153.507396113127,1333.9921068400145,1463.8147172518075,73.89875268563628,nan,nan,nan,nan,nan,nan,nan,nan,nan
ordered_transformer,libero_10,4,LIVING_ROOM_SCENE5_put_the_white_mug_on_the_left_plate_and_put_the_yellow_and_white_mug_on_the_right_plate,341,341,1,0,235,12,12,19.583333333333332,"{""15"": 5, ""20"": 3, ""25"": 4}",1473.9689282141626,1473.9689282141626,12054.860970005393,1318.4495363384485,1451.6052231192589,77.1368364803493,nan,nan,nan,nan,nan,nan,nan,nan,nan
ordered_transformer,libero_10,4,LIVING_ROOM_SCENE5_put_the_white_mug_on_the_left_plate_and_put_the_yellow_and_white_mug_on_the_right_plate,342,342,1,0,252,12,12,20.416666666666668,"{""15"": 5, ""20"": 1, ""25"": 6}",1334.329313132912,1334.329313132912,12822.455025278032,1210.7135485857725,1312.5894963741302,65.52588660269976,nan,nan,nan,nan,nan,nan,nan,nan,nan
ordered_visual_query,libero_10,4,LIVING_ROOM_SCENE5_put_the_white_mug_on_the_left_plate_and_put_the_yellow_and_white_mug_on_the_right_plate,342,342,1,0,559,26,26,21.346153846153847,"{""15"": 5, ""20"": 9, ""25"": 12}",3238.369593862444,3238.369593862444,18833.691050764173,2901.366038247943,3185.1864480413496,169.27770571783185,nan,nan,nan,nan,nan,nan,nan,nan,nan
ordered_expert_hidden,libero_10,4,LIVING_ROOM_SCENE5_put_the_white_mug_on_the_left_plate_and_put_the_yellow_and_white_mug_on_the_right_plate,342,342,0,1,1000,45,45,22.0,"{""15"": 5, ""20"": 17, ""25"": 23}",4243.351797573268,4243.351797573268,25663.61858509481,3982.0971661247313,4183.037082199007,170.66239891573787,nan,nan,nan,nan,nan,nan,nan,nan,nan
ordered_expert_hidden,libero_10,4,LIVING_ROOM_SCENE5_put_the_white_mug_on_the_left_plate_and_put_the_yellow_and_white_mug_on_the_right_plate,343,343,1,0,239,12,12,20.0,"{""15"": 5, ""20"": 2, ""25"": 5}",1118.3891277760267,1118.3891277760267,11762.8631782718,1053.169650491327,1103.6440855823457,48.33811055868864,nan,nan,nan,nan,nan,nan,nan,nan,nan
ordered_visual_query,libero_10,4,LIVING_ROOM_SCENE5_put_the_white_mug_on_the_left_plate_and_put_the_yellow_and_white_mug_on_the_right_plate,343,343,1,0,236,12,12,19.583333333333332,"{""15"": 5, ""20"": 3, ""25"": 4}",1472.4903283640742,1472.4903283640742,12116.992223076522,1322.738567367196,1451.488743070513,74.75371565669775,nan,nan,nan,nan,nan,nan,nan,nan,nan
ordered_transformer,libero_10,4,LIVING_ROOM_SCENE5_put_the_white_mug_on_the_left_plate_and_put_the_yellow_and_white_mug_on_the_right_plate,343,343,1,0,264,14,14,18.928571428571427,"{""5"": 1, ""15"": 6, ""20"": 1, ""25"": 6}",1637.8538408316672,1637.8538408316672,12843.584950082004,1473.4344771131873,1612.5260861590505,82.81126944348216,nan,nan,nan,nan,nan,nan,nan,nan,nan
ordered_transformer,libero_10,4,LIVING_ROOM_SCENE5_put_the_white_mug_on_the_left_plate_and_put_the_yellow_and_white_mug_on_the_right_plate,344,344,1,0,244,12,12,19.583333333333332,"{""15"": 5, ""20"": 3, ""25"": 4}",1476.777742151171,1476.777742151171,12420.940642710775,1322.9552637785673,1454.6148930676281,76.17179164662957,nan,nan,nan,nan,nan,nan,nan,nan,nan
ordered_visual_query,libero_10,4,LIVING_ROOM_SCENE5_put_the_white_mug_on_the_left_plate_and_put_the_yellow_and_white_mug_on_the_right_plate,344,344,1,0,244,12,12,20.416666666666668,"{""15"": 5, ""20"": 1, ""25"": 6}",1444.9439700692892,1444.9439700692892,12600.613597314805,1298.135138116777,1418.7299897894263,71.77121844142675,nan,nan,nan,nan,nan,nan,nan,nan,nan
ordered_expert_hidden,libero_10,4,LIVING_ROOM_SCENE5_put_the_white_mug_on_the_left_plate_and_put_the_yellow_and_white_mug_on_the_right_plate,344,344,1,0,236,12,12,20.416666666666668,"{""15"": 3, ""20"": 5, ""25"": 4}",1485.73195701465,1485.73195701465,12324.058742262423,1335.7718619517982,1461.692510638386,78.96602153778076,nan,nan,nan,nan,nan,nan,nan,nan,nan
ordered_expert_hidden,libero_10,4,LIVING_ROOM_SCENE5_put_the_white_mug_on_the_left_plate_and_put_the_yellow_and_white_mug_on_the_right_plate,345,345,1,0,248,12,12,20.416666666666668,"{""15"": 4, ""20"": 3, ""25"": 5}",1512.707390356809,1512.707390356809,13102.752306964248,1356.6283895634115,1488.9236651360989,79.25835391506553,nan,nan,nan,nan,nan,nan,nan,nan,nan
ordered_visual_query,libero_10,4,LIVING_ROOM_SCENE5_put_the_white_mug_on_the_left_plate_and_put_the_yellow_and_white_mug_on_the_right_plate,345,345,1,0,242,12,12,20.416666666666668,"{""15"": 4, ""20"": 3, ""25"": 5}",1328.2923339866102,1328.2923339866102,12229.211516678333,1213.0166697315872,1309.8629610612988,60.94900146126747,nan,nan,nan,nan,nan,nan,nan,nan,nan
ordered_transformer,libero_10,4,LIVING_ROOM_SCENE5_put_the_white_mug_on_the_left_plate_and_put_the_yellow_and_white_mug_on_the_right_plate,345,345,1,0,244,12,12,20.0,"{""15"": 4, ""20"": 4, ""25"": 4}",1482.3613995686173,1482.3613995686173,12784.250635188073,1328.5373765975237,1459.7337506711483,76.06712123379111,nan,nan,nan,nan,nan,nan,nan,nan,nan
ordered_transformer,libero_10,5,STUDY_SCENE1_pick_up_the_book_and_place_it_in_the_back_compartment_of_the_caddy,336,336,1,0,178,7,7,24.285714285714285,"{""20"": 1, ""25"": 6}",853.0056211166084,853.0056211166084,6649.115736130625,766.4936045184731,840.7451421953738,43.77637151628733,nan,nan,nan,nan,nan,nan,nan,nan,nan
ordered_visual_query,libero_10,5,STUDY_SCENE1_pick_up_the_book_and_place_it_in_the_back_compartment_of_the_caddy,336,336,1,0,167,7,7,24.285714285714285,"{""20"": 1, ""25"": 6}",859.1542290523648,859.1542290523648,6578.508210834116,770.3992826864123,847.1266753040254,43.53021644055843,nan,nan,nan,nan,nan,nan,nan,nan,nan
ordered_expert_hidden,libero_10,5,STUDY_SCENE1_pick_up_the_book_and_place_it_in_the_back_compartment_of_the_caddy,336,336,1,0,177,7,7,24.285714285714285,"{""20"": 1, ""25"": 6}",857.7688513323665,857.7688513323665,6618.2243269868195,768.3254261501133,844.5492787286639,45.44235020875931,nan,nan,nan,nan,nan,nan,nan,nan,nan
ordered_expert_hidden,libero_10,5,STUDY_SCENE1_pick_up_the_book_and_place_it_in_the_back_compartment_of_the_caddy,337,337,1,0,173,7,7,23.571428571428573,"{""20"": 2, ""25"": 5}",879.5834593474865,879.5834593474865,6667.422165162861,790.90048186481,865.6585304997861,47.06322634592652,nan,nan,nan,nan,nan,nan,nan,nan,nan
ordered_visual_query,libero_10,5,STUDY_SCENE1_pick_up_the_book_and_place_it_in_the_back_compartment_of_the_caddy,337,337,1,0,179,7,7,24.285714285714285,"{""20"": 1, ""25"": 6}",859.445218462497,859.445218462497,6598.6272459849715,772.9483335278928,847.0887090079486,44.00429641827941,nan,nan,nan,nan,nan,nan,nan,nan,nan
ordered_transformer,libero_10,5,STUDY_SCENE1_pick_up_the_book_and_place_it_in_the_back_compartment_of_the_caddy,337,337,1,0,173,7,7,23.571428571428573,"{""20"": 2, ""25"": 5}",863.4013654664159,863.4013654664159,6640.431073028594,776.3990899547935,850.0393964350224,43.78957534208894,nan,nan,nan,nan,nan,nan,nan,nan,nan
ordered_transformer,libero_10,5,STUDY_SCENE1_pick_up_the_book_and_place_it_in_the_back_compartment_of_the_caddy,338,338,0,1,1000,40,40,24.75,"{""15"": 1, ""25"": 39}",4891.671522054821,4891.671522054821,18007.822161074728,4377.6086596772075,4816.646730527282,248.80927614867687,nan,nan,nan,nan,nan,nan,nan,nan,nan
ordered_visual_query,libero_10,5,STUDY_SCENE1_pick_up_the_book_and_place_it_in_the_back_compartment_of_the_caddy,338,338,0,1,1000,41,41,24.146341463414632,"{""10"": 1, ""15"": 2, ""25"": 38}",5087.625868152827,5087.625868152827,19478.83048094809,4571.774985641241,5014.119402971119,259.04320972040296,nan,nan,nan,nan,nan,nan,nan,nan,nan
ordered_expert_hidden,libero_10,5,STUDY_SCENE1_pick_up_the_book_and_place_it_in_the_back_compartment_of_the_caddy,338,338,0,1,1000,40,40,24.75,"{""15"": 1, ""25"": 39}",4967.206617817283,4967.206617817283,18535.436356905848,4460.688613820821,4894.887575414032,258.84122774004936,nan,nan,nan,nan,nan,nan,nan,nan,nan
ordered_expert_hidden,libero_10,5,STUDY_SCENE1_pick_up_the_book_and_place_it_in_the_back_compartment_of_the_caddy,339,339,1,0,178,8,8,23.125,"{""20"": 3, ""25"": 5}",987.199111841619,987.199111841619,6760.9028606675565,886.5692154504359,973.348637111485,56.48967204615474,nan,nan,nan,nan,nan,nan,nan,nan,nan
ordered_visual_query,libero_10,5,STUDY_SCENE1_pick_up_the_book_and_place_it_in_the_back_compartment_of_the_caddy,339,339,1,0,187,8,8,24.375,"{""20"": 1, ""25"": 7}",989.3461824394763,989.3461824394763,6829.953463282436,890.0497322902083,975.1323144882917,50.8349621668458,nan,nan,nan,nan,nan,nan,nan,nan,nan
ordered_transformer,libero_10,5,STUDY_SCENE1_pick_up_the_book_and_place_it_in_the_back_compartment_of_the_caddy,339,339,1,0,169,7,7,23.571428571428573,"{""20"": 2, ""25"": 5}",872.4303161725402,872.4303161725402,6477.559494320303,786.3123910501599,859.792550560087,43.565860483795404,nan,nan,nan,nan,nan,nan,nan,nan,nan
ordered_transformer,libero_10,5,STUDY_SCENE1_pick_up_the_book_and_place_it_in_the_back_compartment_of_the_caddy,340,340,0,1,1000,40,40,24.75,"{""15"": 1, ""25"": 39}",4916.659819427878,4916.659819427878,18700.886155012995,4414.117867592722,4845.0748031027615,252.4128877557814,nan,nan,nan,nan,nan,nan,nan,nan,nan
ordered_visual_query,libero_10,5,STUDY_SCENE1_pick_up_the_book_and_place_it_in_the_back_compartment_of_the_caddy,340,340,0,1,1000,41,41,24.146341463414632,"{""10"": 1, ""15"": 2, ""25"": 38}",5035.154739394784,5035.154739394784,19205.065943766385,4520.129420328885,4955.126604065299,258.1539433449507,nan,nan,nan,nan,nan,nan,nan,nan,nan
ordered_expert_hidden,libero_10,5,STUDY_SCENE1_pick_up_the_book_and_place_it_in_the_back_compartment_of_the_caddy,340,340,0,1,1000,43,43,23.023255813953487,"{""10"": 1, ""15"": 7, ""25"": 35}",5318.572245072573,5318.572245072573,19295.396132860333,4772.434452082962,5238.345731049776,281.1982734128833,nan,nan,nan,nan,nan,nan,nan,nan,nan
ordered_expert_hidden,libero_10,5,STUDY_SCENE1_pick_up_the_book_and_place_it_in_the_back_compartment_of_the_caddy,341,341,1,0,173,7,7,23.571428571428573,"{""20"": 2, ""25"": 5}",871.9133036211133,871.9133036211133,6650.585705880076,782.1573163382709,858.3118193782866,43.95147366449237,nan,nan,nan,nan,nan,nan,nan,nan,nan
ordered_visual_query,libero_10,5,STUDY_SCENE1_pick_up_the_book_and_place_it_in_the_back_compartment_of_the_caddy,341,341,1,0,158,7,7,24.285714285714285,"{""20"": 1, ""25"": 6}",872.0167991705239,872.0167991705239,6464.37316108495,784.8395612090826,859.2853294685483,43.7512518838048,nan,nan,nan,nan,nan,nan,nan,nan,nan
ordered_transformer,libero_10,5,STUDY_SCENE1_pick_up_the_book_and_place_it_in_the_back_compartment_of_the_caddy,341,341,1,0,189,8,8,23.75,"{""20"": 2, ""25"": 6}",983.7990952655673,983.7990952655673,6893.124814145267,884.0799452736974,969.6790846064687,51.182256545871496,nan,nan,nan,nan,nan,nan,nan,nan,nan
ordered_transformer,libero_10,5,STUDY_SCENE1_pick_up_the_book_and_place_it_in_the_back_compartment_of_the_caddy,342,342,0,1,1000,48,48,20.625,"{""5"": 1, ""20"": 38, ""25"": 9}",5883.238505572081,5883.238505572081,20285.81711789593,5282.199013512582,5798.559254501015,300.5141303874552,nan,nan,nan,nan,nan,nan,nan,nan,nan
ordered_visual_query,libero_10,5,STUDY_SCENE1_pick_up_the_book_and_place_it_in_the_back_compartment_of_the_caddy,342,342,0,1,1000,44,44,22.5,"{""10"": 1, ""20"": 19, ""25"": 24}",5428.225036244839,5428.225036244839,20044.339811895043,4872.004488948733,5351.860139518976,283.9754894375801,nan,nan,nan,nan,nan,nan,nan,nan,nan
ordered_expert_hidden,libero_10,5,STUDY_SCENE1_pick_up_the_book_and_place_it_in_the_back_compartment_of_the_caddy,342,342,0,1,1000,47,47,21.06382978723404,"{""5"": 1, ""20"": 33, ""25"": 13}",5814.802390057594,5814.802390057594,20361.201554071158,5204.042700584978,5724.827900994569,304.7938859090209,nan,nan,nan,nan,nan,nan,nan,nan,nan
ordered_expert_hidden,libero_10,5,STUDY_SCENE1_pick_up_the_book_and_place_it_in_the_back_compartment_of_the_caddy,343,343,1,0,184,8,8,24.375,"{""20"": 1, ""25"": 7}",991.851445287466,991.851445287466,6840.11562820524,889.7125939838588,975.9064745157957,51.40683613717556,nan,nan,nan,nan,nan,nan,nan,nan,nan
ordered_visual_query,libero_10,5,STUDY_SCENE1_pick_up_the_book_and_place_it_in_the_back_compartment_of_the_caddy,343,343,1,0,183,8,8,23.75,"{""20"": 2, ""25"": 6}",989.3117258325219,989.3117258325219,6789.488694630563,887.6677313819528,973.64198602736,50.527664832770824,nan,nan,nan,nan,nan,nan,nan,nan,nan
ordered_transformer,libero_10,5,STUDY_SCENE1_pick_up_the_book_and_place_it_in_the_back_compartment_of_the_caddy,343,343,1,0,183,8,8,24.375,"{""20"": 1, ""25"": 7}",971.1866024881601,971.1866024881601,6822.142909746617,870.575855486095,956.5740623511374,50.47897016629577,nan,nan,nan,nan,nan,nan,nan,nan,nan
ordered_transformer,libero_10,5,STUDY_SCENE1_pick_up_the_book_and_place_it_in_the_back_compartment_of_the_caddy,344,344,1,0,180,8,8,23.125,"{""20"": 3, ""25"": 5}",981.0843919403851,981.0843919403851,6746.554953046143,876.9213063642383,964.6489354781806,50.98130973055959,nan,nan,nan,nan,nan,nan,nan,nan,nan
ordered_visual_query,libero_10,5,STUDY_SCENE1_pick_up_the_book_and_place_it_in_the_back_compartment_of_the_caddy,344,344,1,0,182,8,8,23.75,"{""20"": 2, ""25"": 6}",986.9774118997157,986.9774118997157,6847.661551088095,883.1387283280492,970.7377539016306,51.06663424521685,nan,nan,nan,nan,nan,nan,nan,nan,nan
ordered_expert_hidden,libero_10,5,STUDY_SCENE1_pick_up_the_book_and_place_it_in_the_back_compartment_of_the_caddy,344,344,1,0,190,8,8,23.75,"{""20"": 2, ""25"": 6}",1000.3210962750018,1000.3210962750018,6791.622493881732,895.820768084377,983.6675683036447,52.34886007383466,nan,nan,nan,nan,nan,nan,nan,nan,nan
ordered_expert_hidden,libero_10,5,STUDY_SCENE1_pick_up_the_book_and_place_it_in_the_back_compartment_of_the_caddy,345,345,1,0,171,7,7,24.285714285714285,"{""20"": 1, ""25"": 6}",874.5821621268988,874.5821621268988,6562.206562142819,783.4355593658984,861.1924289725721,45.113767962902784,nan,nan,nan,nan,nan,nan,nan,nan,nan
ordered_visual_query,libero_10,5,STUDY_SCENE1_pick_up_the_book_and_place_it_in_the_back_compartment_of_the_caddy,345,345,1,0,165,7,7,24.285714285714285,"{""20"": 1, ""25"": 6}",889.2147084698081,889.2147084698081,6562.640223186463,796.573834028095,873.7702122889459,46.91558564081788,nan,nan,nan,nan,nan,nan,nan,nan,nan
ordered_transformer,libero_10,5,STUDY_SCENE1_pick_up_the_book_and_place_it_in_the_back_compartment_of_the_caddy,345,345,1,0,175,7,7,24.285714285714285,"{""20"": 1, ""25"": 6}",867.765957955271,867.765957955271,6588.375736959279,779.1545582003891,854.7977632842958,44.96590048074722,nan,nan,nan,nan,nan,nan,nan,nan,nan
ordered_transformer,libero_10,6,LIVING_ROOM_SCENE6_put_the_white_mug_on_the_plate_and_put_the_chocolate_pudding_to_the_right_of_the_plate,336,336,1,0,222,11,11,19.545454545454547,"{""5"": 1, ""15"": 2, ""20"": 4, ""25"": 4}",1304.282701574266,1304.282701574266,9593.396005686373,1173.9910561591387,1285.3010748513043,67.56995292380452,nan,nan,nan,nan,nan,nan,nan,nan,nan
ordered_visual_query,libero_10,6,LIVING_ROOM_SCENE6_put_the_white_mug_on_the_plate_and_put_the_chocolate_pudding_to_the_right_of_the_plate,336,336,1,0,215,10,10,21.0,"{""15"": 2, ""20"": 4, ""25"": 4}",1226.8027123063803,1226.8027123063803,9541.335357818753,1101.8561655655503,1207.3501395061612,62.706973403692245,nan,nan,nan,nan,nan,nan,nan,nan,nan
ordered_expert_hidden,libero_10,6,LIVING_ROOM_SCENE6_put_the_white_mug_on_the_plate_and_put_the_chocolate_pudding_to_the_right_of_the_plate,336,336,1,0,219,11,11,20.454545454545453,"{""15"": 2, ""20"": 6, ""25"": 3}",1344.493976328522,1344.493976328522,9658.671186771244,1200.2438493072987,1319.309129845351,69.74983960390091,nan,nan,nan,nan,nan,nan,nan,nan,nan
ordered_expert_hidden,libero_10,6,LIVING_ROOM_SCENE6_put_the_white_mug_on_the_plate_and_put_the_chocolate_pudding_to_the_right_of_the_plate,337,337,1,0,254,12,12,20.833333333333332,"{""15"": 2, ""20"": 6, ""25"": 4}",1455.3937185555696,1455.3937185555696,10053.413317073137,1309.0093466453254,1432.032581884414,79.01339186355472,nan,nan,nan,nan,nan,nan,nan,nan,nan
ordered_visual_query,libero_10,6,LIVING_ROOM_SCENE6_put_the_white_mug_on_the_plate_and_put_the_chocolate_pudding_to_the_right_of_the_plate,337,337,1,0,239,11,11,20.90909090909091,"{""15"": 2, ""20"": 5, ""25"": 4}",1363.238565158099,1363.238565158099,9760.654786136001,1222.7724818512797,1342.4560194835067,70.00816892832518,nan,nan,nan,nan,nan,nan,nan,nan,nan
ordered_transformer,libero_10,6,LIVING_ROOM_SCENE6_put_the_white_mug_on_the_plate_and_put_the_chocolate_pudding_to_the_right_of_the_plate,337,337,1,0,232,11,11,20.90909090909091,"{""15"": 2, ""20"": 5, ""25"": 4}",1341.8426448479295,1341.8426448479295,9802.342941984534,1202.7521589770913,1321.428538300097,69.23262123018503,nan,nan,nan,nan,nan,nan,nan,nan,nan
ordered_transformer,libero_10,6,LIVING_ROOM_SCENE6_put_the_white_mug_on_the_plate_and_put_the_chocolate_pudding_to_the_right_of_the_plate,338,338,1,0,273,14,14,20.0,"{""15"": 2, ""20"": 10, ""25"": 2}",1706.820398569107,1706.820398569107,10698.38196085766,1532.785817515105,1682.54668219015,88.35101034492254,nan,nan,nan,nan,nan,nan,nan,nan,nan
ordered_visual_query,libero_10,6,LIVING_ROOM_SCENE6_put_the_white_mug_on_the_plate_and_put_the_chocolate_pudding_to_the_right_of_the_plate,338,338,0,1,1000,54,54,18.333333333333332,"{""5"": 7, ""15"": 2, ""20"": 40, ""25"": 5}",6647.974286228418,6647.974286228418,23804.73200092092,5969.917549286038,6544.78128394112,340.72670340538025,nan,nan,nan,nan,nan,nan,nan,nan,nan
ordered_expert_hidden,libero_10,6,LIVING_ROOM_SCENE6_put_the_white_mug_on_the_plate_and_put_the_chocolate_pudding_to_the_right_of_the_plate,338,338,1,0,319,16,16,20.3125,"{""15"": 2, ""20"": 11, ""25"": 3}",1993.0394543334842,1993.0394543334842,12038.274416234344,1771.8508332036436,1961.107556708157,102.10724081844091,nan,nan,nan,nan,nan,nan,nan,nan,nan
ordered_expert_hidden,libero_10,6,LIVING_ROOM_SCENE6_put_the_white_mug_on_the_plate_and_put_the_chocolate_pudding_to_the_right_of_the_plate,339,339,1,0,221,11,11,20.454545454545453,"{""15"": 3, ""20"": 4, ""25"": 4}",1365.0754247792065,1365.0754247792065,9582.084937952459,1220.3684379346669,1342.7217449061573,70.9224147722125,nan,nan,nan,nan,nan,nan,nan,nan,nan
ordered_visual_query,libero_10,6,LIVING_ROOM_SCENE6_put_the_white_mug_on_the_plate_and_put_the_chocolate_pudding_to_the_right_of_the_plate,339,339,1,0,225,11,11,20.454545454545453,"{""15"": 2, ""20"": 6, ""25"": 3}",1338.2889037020504,1338.2889037020504,9629.11434005946,1203.7376994267106,1319.6547799743712,68.59532371163368,nan,nan,nan,nan,nan,nan,nan,nan,nan
ordered_transformer,libero_10,6,LIVING_ROOM_SCENE6_put_the_white_mug_on_the_plate_and_put_the_chocolate_pudding_to_the_right_of_the_plate,339,339,1,0,222,11,11,20.454545454545453,"{""15"": 3, ""20"": 4, ""25"": 4}",1348.0370556935668,1348.0370556935668,9579.249712172896,1209.6505193039775,1327.7550814673305,68.54352587834,nan,nan,nan,nan,nan,nan,nan,nan,nan
ordered_transformer,libero_10,6,LIVING_ROOM_SCENE6_put_the_white_mug_on_the_plate_and_put_the_chocolate_pudding_to_the_right_of_the_plate,340,340,1,0,213,10,10,20.5,"{""15"": 2, ""20"": 5, ""25"": 3}",1241.0760601051152,1241.0760601051152,9511.742495000362,1111.5194163285196,1222.0595385879278,65.44175371527672,nan,nan,nan,nan,nan,nan,nan,nan,nan
ordered_visual_query,libero_10,6,LIVING_ROOM_SCENE6_put_the_white_mug_on_the_plate_and_put_the_chocolate_pudding_to_the_right_of_the_plate,340,340,1,0,211,10,10,20.5,"{""15"": 2, ""20"": 5, ""25"": 3}",1231.789458077401,1231.789458077401,9491.819083224982,1096.9624700956047,1210.6352639384568,64.04920807108283,nan,nan,nan,nan,nan,nan,nan,nan,nan
ordered_expert_hidden,libero_10,6,LIVING_ROOM_SCENE6_put_the_white_mug_on_the_plate_and_put_the_chocolate_pudding_to_the_right_of_the_plate,340,340,1,0,220,11,11,20.454545454545453,"{""15"": 2, ""20"": 6, ""25"": 3}",1347.8255127556622,1347.8255127556622,9828.395653050393,1205.2285666577518,1326.5345790423453,69.38263401389122,nan,nan,nan,nan,nan,nan,nan,nan,nan
ordered_expert_hidden,libero_10,6,LIVING_ROOM_SCENE6_put_the_white_mug_on_the_plate_and_put_the_chocolate_pudding_to_the_right_of_the_plate,341,341,1,0,267,13,13,20.76923076923077,"{""15"": 2, ""20"": 7, ""25"": 4}",1513.156434521079,1513.156434521079,10443.096143193543,1366.076620761305,1488.3748814463615,76.67313562706113,nan,nan,nan,nan,nan,nan,nan,nan,nan
ordered_visual_query,libero_10,6,LIVING_ROOM_SCENE6_put_the_white_mug_on_the_plate_and_put_the_chocolate_pudding_to_the_right_of_the_plate,341,341,1,0,274,14,14,20.0,"{""15"": 4, ""20"": 6, ""25"": 4}",1728.6807210184634,1728.6807210184634,10566.0690641962,1549.5923776179552,1701.841963455081,90.09924763813615,nan,nan,nan,nan,nan,nan,nan,nan,nan
ordered_transformer,libero_10,6,LIVING_ROOM_SCENE6_put_the_white_mug_on_the_plate_and_put_the_chocolate_pudding_to_the_right_of_the_plate,341,341,1,0,283,14,14,20.714285714285715,"{""15"": 2, ""20"": 8, ""25"": 4}",1735.2369651198387,1735.2369651198387,11170.85508396849,1557.5700905174017,1708.5822564549744,88.06182164698839,nan,nan,nan,nan,nan,nan,nan,nan,nan
ordered_transformer,libero_10,6,LIVING_ROOM_SCENE6_put_the_white_mug_on_the_plate_and_put_the_chocolate_pudding_to_the_right_of_the_plate,342,342,0,1,1000,51,51,19.41176470588235,"{""5"": 2, ""10"": 1, ""15"": 4, ""20"": 38, ""25"": 6}",6205.613769590855,6205.613769590855,23553.757907822728,5571.401606779546,6112.551942002028,320.8950338885188,nan,nan,nan,nan,nan,nan,nan,nan,nan
ordered_visual_query,libero_10,6,LIVING_ROOM_SCENE6_put_the_white_mug_on_the_plate_and_put_the_chocolate_pudding_to_the_right_of_the_plate,342,342,1,0,274,13,13,20.76923076923077,"{""15"": 3, ""20"": 5, ""25"": 5}",1599.6450972743332,1599.6450972743332,10451.483514159918,1432.1866384707391,1572.053144685924,82.2558500804007,nan,nan,nan,nan,nan,nan,nan,nan,nan
ordered_expert_hidden,libero_10,6,LIVING_ROOM_SCENE6_put_the_white_mug_on_the_plate_and_put_the_chocolate_pudding_to_the_right_of_the_plate,342,342,0,1,1000,57,57,17.36842105263158,"{""5"": 11, ""15"": 7, ""20"": 29, ""25"": 10}",6701.7438020557165,6701.7438020557165,24463.369879871607,6049.28755806759,6603.749794885516,346.09040431678295,nan,nan,nan,nan,nan,nan,nan,nan,nan
ordered_expert_hidden,libero_10,6,LIVING_ROOM_SCENE6_put_the_white_mug_on_the_plate_and_put_the_chocolate_pudding_to_the_right_of_the_plate,343,343,1,0,247,13,13,19.615384615384617,"{""10"": 2, ""15"": 1, ""20"": 6, ""25"": 4}",1587.683422025293,1587.683422025293,10193.922497797757,1425.738480873406,1560.8727484941483,83.28189281746745,nan,nan,nan,nan,nan,nan,nan,nan,nan
ordered_visual_query,libero_10,6,LIVING_ROOM_SCENE6_put_the_white_mug_on_the_plate_and_put_the_chocolate_pudding_to_the_right_of_the_plate,343,343,1,0,248,12,12,20.833333333333332,"{""15"": 2, ""20"": 6, ""25"": 4}",1482.4632154777646,1482.4632154777646,10085.214556660503,1332.0699422620237,1460.1155249401927,75.14251116663218,nan,nan,nan,nan,nan,nan,nan,nan,nan
ordered_transformer,libero_10,6,LIVING_ROOM_SCENE6_put_the_white_mug_on_the_plate_and_put_the_chocolate_pudding_to_the_right_of_the_plate,343,343,1,0,283,14,14,19.642857142857142,"{""10"": 2, ""15"": 1, ""20"": 7, ""25"": 4}",1705.4507699795067,1705.4507699795067,11024.656735826284,1530.152605380863,1681.0286021791399,88.22082355618477,nan,nan,nan,nan,nan,nan,nan,nan,nan
ordered_transformer,libero_10,6,LIVING_ROOM_SCENE6_put_the_white_mug_on_the_plate_and_put_the_chocolate_pudding_to_the_right_of_the_plate,344,344,1,0,220,10,10,21.0,"{""15"": 2, ""20"": 4, ""25"": 4}",1213.7912535108626,1213.7912535108626,9408.845323137939,1090.0583434849977,1196.1286226287484,62.40817019715905,nan,nan,nan,nan,nan,nan,nan,nan,nan
ordered_visual_query,libero_10,6,LIVING_ROOM_SCENE6_put_the_white_mug_on_the_plate_and_put_the_chocolate_pudding_to_the_right_of_the_plate,344,344,1,0,225,11,11,20.90909090909091,"{""15"": 2, ""20"": 5, ""25"": 4}",1368.2448999024928,1368.2448999024928,9787.389783654362,1233.3229780197144,1347.0951775088906,68.19039210677147,nan,nan,nan,nan,nan,nan,nan,nan,nan
ordered_expert_hidden,libero_10,6,LIVING_ROOM_SCENE6_put_the_white_mug_on_the_plate_and_put_the_chocolate_pudding_to_the_right_of_the_plate,344,344,1,0,221,11,11,20.90909090909091,"{""15"": 2, ""20"": 5, ""25"": 4}",1216.5510328486562,1216.5510328486562,9694.977406878024,1105.746526736766,1197.1460217610002,58.14868817105889,nan,nan,nan,nan,nan,nan,nan,nan,nan
ordered_expert_hidden,libero_10,6,LIVING_ROOM_SCENE6_put_the_white_mug_on_the_plate_and_put_the_chocolate_pudding_to_the_right_of_the_plate,345,345,1,0,328,16,16,20.0,"{""5"": 1, ""15"": 2, ""20"": 8, ""25"": 5}",1779.8028462566435,1779.8028462566435,11433.1439351663,1622.1177019178867,1750.7832306437194,86.53983939439058,nan,nan,nan,nan,nan,nan,nan,nan,nan
ordered_visual_query,libero_10,6,LIVING_ROOM_SCENE6_put_the_white_mug_on_the_plate_and_put_the_chocolate_pudding_to_the_right_of_the_plate,345,345,0,1,1000,78,78,12.692307692307692,"{""5"": 40, ""10"": 1, ""15"": 2, ""20"": 25, ""25"": 10}",8790.783086791635,8790.783086791635,28045.099103823304,7998.727667145431,8668.06042054668,423.2877171598375,nan,nan,nan,nan,nan,nan,nan,nan,nan
ordered_transformer,libero_10,6,LIVING_ROOM_SCENE6_put_the_white_mug_on_the_plate_and_put_the_chocolate_pudding_to_the_right_of_the_plate,345,345,1,0,236,11,11,20.90909090909091,"{""15"": 2, ""20"": 5, ""25"": 4}",1351.9158917479217,1351.9158917479217,9852.199983317405,1212.365955580026,1332.3448840528727,69.23658633604646,nan,nan,nan,nan,nan,nan,nan,nan,nan
ordered_transformer,libero_10,7,LIVING_ROOM_SCENE1_put_both_the_alphabet_soup_and_the_cream_cheese_box_in_the_basket,336,336,1,0,269,14,14,19.642857142857142,"{""15"": 4, ""20"": 7, ""25"": 3}",1696.6007254086435,1696.6007254086435,9575.357801280916,1523.3080992475152,1671.4810193516314,87.30266755446792,nan,nan,nan,nan,nan,nan,nan,nan,nan
ordered_visual_query,libero_10,7,LIVING_ROOM_SCENE1_put_both_the_alphabet_soup_and_the_cream_cheese_box_in_the_basket,336,336,1,0,265,17,17,15.0,"{""5"": 5, ""15"": 5, ""20"": 4, ""25"": 3}",2028.8666849955916,2028.8666849955916,10043.433044105768,1830.6296849623322,2000.6150077097118,103.94373768940568,nan,nan,nan,nan,nan,nan,nan,nan,nan
ordered_expert_hidden,libero_10,7,LIVING_ROOM_SCENE1_put_both_the_alphabet_soup_and_the_cream_cheese_box_in_the_basket,336,336,1,0,262,16,16,16.5625,"{""5"": 3, ""15"": 5, ""20"": 5, ""25"": 3}",1748.7288918346167,1748.7288918346167,9645.343778189272,1600.4606899805367,1722.2726340405643,85.61961865052581,nan,nan,nan,nan,nan,nan,nan,nan,nan
ordered_expert_hidden,libero_10,7,LIVING_ROOM_SCENE1_put_both_the_alphabet_soup_and_the_cream_cheese_box_in_the_basket,337,337,1,0,269,14,14,18.928571428571427,"{""10"": 1, ""15"": 4, ""20"": 6, ""25"": 3}",1584.3806508928537,1584.3806508928537,9430.131365079433,1443.318769801408,1560.143370181322,76.45793305709958,nan,nan,nan,nan,nan,nan,nan,nan,nan
ordered_visual_query,libero_10,7,LIVING_ROOM_SCENE1_put_both_the_alphabet_soup_and_the_cream_cheese_box_in_the_basket,337,337,1,0,262,14,14,18.214285714285715,"{""5"": 1, ""15"": 5, ""20"": 5, ""25"": 3}",1748.4494200907648,1748.4494200907648,9686.316254083067,1573.9588565193117,1720.8427391014993,87.27869903668761,nan,nan,nan,nan,nan,nan,nan,nan,nan
ordered_transformer,libero_10,7,LIVING_ROOM_SCENE1_put_both_the_alphabet_soup_and_the_cream_cheese_box_in_the_basket,337,337,1,0,273,16,16,16.875,"{""5"": 3, ""15"": 4, ""20"": 6, ""25"": 3}",1931.8828219547868,1931.8828219547868,10004.314355086535,1739.647822920233,1904.2578171938658,99.37739092856646,nan,nan,nan,nan,nan,nan,nan,nan,nan
ordered_transformer,libero_10,7,LIVING_ROOM_SCENE1_put_both_the_alphabet_soup_and_the_cream_cheese_box_in_the_basket,338,338,1,0,317,19,19,16.842105263157894,"{""5"": 4, ""15"": 3, ""20"": 9, ""25"": 3}",2283.838429953903,2283.838429953903,11156.613547820598,2054.705748334527,2249.825451988727,118.19023499265313,nan,nan,nan,nan,nan,nan,nan,nan,nan
ordered_visual_query,libero_10,7,LIVING_ROOM_SCENE1_put_both_the_alphabet_soup_and_the_cream_cheese_box_in_the_basket,338,338,1,0,315,16,16,19.375,"{""5"": 1, ""15"": 3, ""20"": 8, ""25"": 4}",1956.1911830678582,1956.1911830678582,10497.447976842523,1760.8259026892483,1928.9538762532175,99.93090573698282,nan,nan,nan,nan,nan,nan,nan,nan,nan
ordered_expert_hidden,libero_10,7,LIVING_ROOM_SCENE1_put_both_the_alphabet_soup_and_the_cream_cheese_box_in_the_basket,338,338,0,1,1000,125,125,7.92,"{""5"": 104, ""15"": 2, ""20"": 7, ""25"": 12}",14359.016929753125,14359.016929753125,31782.209934666753,12960.724865086377,14138.186729047447,723.7923182547092,nan,nan,nan,nan,nan,nan,nan,nan,nan
ordered_expert_hidden,libero_10,7,LIVING_ROOM_SCENE1_put_both_the_alphabet_soup_and_the_cream_cheese_box_in_the_basket,339,339,1,0,338,22,22,15.681818181818182,"{""5"": 4, ""10"": 2, ""15"": 7, ""20"": 5, ""25"": 4}",2537.836309056729,2537.836309056729,11473.854425828904,2294.144345447421,2497.5396753288805,127.56011169403791,nan,nan,nan,nan,nan,nan,nan,nan,nan
ordered_visual_query,libero_10,7,LIVING_ROOM_SCENE1_put_both_the_alphabet_soup_and_the_cream_cheese_box_in_the_basket,339,339,1,0,326,21,21,15.714285714285714,"{""5"": 5, ""15"": 7, ""20"": 5, ""25"": 4}",2554.5585001818836,2554.5585001818836,11211.322742979974,2295.9924479946494,2514.5835373550653,129.62446361780167,nan,nan,nan,nan,nan,nan,nan,nan,nan
ordered_transformer,libero_10,7,LIVING_ROOM_SCENE1_put_both_the_alphabet_soup_and_the_cream_cheese_box_in_the_basket,339,339,1,0,255,16,16,15.9375,"{""5"": 4, ""10"": 1, ""15"": 3, ""20"": 4, ""25"": 4}",1936.3785474561155,1936.3785474561155,9737.167503219098,1740.2098472230136,1908.2826604135334,98.92528597265482,nan,nan,nan,nan,nan,nan,nan,nan,nan
ordered_transformer,libero_10,7,LIVING_ROOM_SCENE1_put_both_the_alphabet_soup_and_the_cream_cheese_box_in_the_basket,340,340,1,0,254,13,13,19.23076923076923,"{""5"": 1, ""15"": 2, ""20"": 7, ""25"": 3}",1594.5318429730833,1594.5318429730833,9531.238589901477,1428.7625863216817,1569.7623477317393,83.46421411260962,nan,nan,nan,nan,nan,nan,nan,nan,nan
ordered_visual_query,libero_10,7,LIVING_ROOM_SCENE1_put_both_the_alphabet_soup_and_the_cream_cheese_box_in_the_basket,340,340,1,0,247,12,12,20.416666666666668,"{""15"": 3, ""20"": 5, ""25"": 4}",1504.3313740752637,1504.3313740752637,9595.03234224394,1350.1812452450395,1480.764068197459,75.44061401858926,nan,nan,nan,nan,nan,nan,nan,nan,nan
ordered_expert_hidden,libero_10,7,LIVING_ROOM_SCENE1_put_both_the_alphabet_soup_and_the_cream_cheese_box_in_the_basket,340,340,1,0,260,13,13,19.615384615384617,"{""5"": 1, ""15"": 2, ""20"": 6, ""25"": 4}",1445.3644338063896,1445.3644338063896,9608.264812733978,1316.5608826093376,1421.3115395978093,69.9768872000277,nan,nan,nan,nan,nan,nan,nan,nan,nan
ordered_expert_hidden,libero_10,7,LIVING_ROOM_SCENE1_put_both_the_alphabet_soup_and_the_cream_cheese_box_in_the_basket,341,341,0,1,1000,53,53,18.67924528301887,"{""5"": 4, ""15"": 5, ""20"": 41, ""25"": 3}",6350.4953337833285,6350.4953337833285,23260.381567291915,5719.319969881326,6254.261934198439,326.06590539216995,nan,nan,nan,nan,nan,nan,nan,nan,nan
ordered_visual_query,libero_10,7,LIVING_ROOM_SCENE1_put_both_the_alphabet_soup_and_the_cream_cheese_box_in_the_basket,341,341,1,0,267,14,14,19.285714285714285,"{""5"": 1, ""15"": 2, ""20"": 8, ""25"": 3}",1716.2820459343493,1716.2820459343493,9644.089648034424,1539.6331483498216,1689.5714728161693,88.7660919688642,nan,nan,nan,nan,nan,nan,nan,nan,nan
ordered_transformer,libero_10,7,LIVING_ROOM_SCENE1_put_both_the_alphabet_soup_and_the_cream_cheese_box_in_the_basket,341,341,1,0,253,15,15,16.666666666666668,"{""5"": 3, ""15"": 4, ""20"": 5, ""25"": 3}",1829.7284855507314,1829.7284855507314,9528.414553031325,1642.869470641017,1800.3065730445087,93.32857513800263,nan,nan,nan,nan,nan,nan,nan,nan,nan
ordered_transformer,libero_10,7,LIVING_ROOM_SCENE1_put_both_the_alphabet_soup_and_the_cream_cheese_box_in_the_basket,342,342,1,0,272,18,18,15.555555555555555,"{""5"": 4, ""10"": 2, ""15"": 3, ""20"": 6, ""25"": 3}",2170.7939016632736,2170.7939016632736,10131.93913595751,1958.128936123103,2140.9223079681396,110.67360825836658,nan,nan,nan,nan,nan,nan,nan,nan,nan
ordered_visual_query,libero_10,7,LIVING_ROOM_SCENE1_put_both_the_alphabet_soup_and_the_cream_cheese_box_in_the_basket,342,342,1,0,273,17,17,16.176470588235293,"{""5"": 5, ""15"": 3, ""20"": 4, ""25"": 5}",2061.0125553794205,2061.0125553794205,10269.110413268209,1848.8466097041965,2028.9795463904738,104.9321424216032,nan,nan,nan,nan,nan,nan,nan,nan,nan
ordered_expert_hidden,libero_10,7,LIVING_ROOM_SCENE1_put_both_the_alphabet_soup_and_the_cream_cheese_box_in_the_basket,342,342,1,0,278,17,17,16.470588235294116,"{""5"": 4, ""15"": 4, ""20"": 5, ""25"": 4}",2075.1095437444746,2075.1095437444746,10290.835873223841,1860.0280596874654,2044.79517089203,106.11992096528411,nan,nan,nan,nan,nan,nan,nan,nan,nan
ordered_expert_hidden,libero_10,7,LIVING_ROOM_SCENE1_put_both_the_alphabet_soup_and_the_cream_cheese_box_in_the_basket,343,343,1,0,253,15,15,16.666666666666668,"{""5"": 3, ""15"": 4, ""20"": 5, ""25"": 3}",1803.1742293387651,1803.1742293387651,9640.241405926645,1623.2919646427035,1778.910307213664,94.18711345642805,nan,nan,nan,nan,nan,nan,nan,nan,nan
ordered_visual_query,libero_10,7,LIVING_ROOM_SCENE1_put_both_the_alphabet_soup_and_the_cream_cheese_box_in_the_basket,343,343,1,0,262,13,13,20.0,"{""15"": 4, ""20"": 5, ""25"": 4}",1599.8014262877405,1599.8014262877405,9728.610097896308,1442.2456813044846,1576.3670168817043,86.81159047409892,nan,nan,nan,nan,nan,nan,nan,nan,nan
ordered_transformer,libero_10,7,LIVING_ROOM_SCENE1_put_both_the_alphabet_soup_and_the_cream_cheese_box_in_the_basket,343,343,1,0,253,14,14,18.214285714285715,"{""5"": 2, ""15"": 3, ""20"": 5, ""25"": 4}",1721.1265484802425,1721.1265484802425,9744.565826840699,1544.5524021051824,1695.3367344103754,86.35713765397668,nan,nan,nan,nan,nan,nan,nan,nan,nan
ordered_transformer,libero_10,7,LIVING_ROOM_SCENE1_put_both_the_alphabet_soup_and_the_cream_cheese_box_in_the_basket,344,344,1,0,244,15,15,16.333333333333332,"{""5"": 3, ""10"": 1, ""15"": 3, ""20"": 5, ""25"": 3}",1838.5848551988602,1838.5848551988602,9766.353098209947,1650.2091982401907,1810.7467615045607,93.87415181845427,nan,nan,nan,nan,nan,nan,nan,nan,nan
ordered_visual_query,libero_10,7,LIVING_ROOM_SCENE1_put_both_the_alphabet_soup_and_the_cream_cheese_box_in_the_basket,344,344,1,0,257,13,13,20.0,"{""15"": 4, ""20"": 5, ""25"": 4}",1615.2703468687832,1615.2703468687832,9716.731959953904,1454.3040501885116,1591.6534042917192,85.06417786702514,nan,nan,nan,nan,nan,nan,nan,nan,nan
ordered_expert_hidden,libero_10,7,LIVING_ROOM_SCENE1_put_both_the_alphabet_soup_and_the_cream_cheese_box_in_the_basket,344,344,1,0,257,16,16,15.9375,"{""5"": 3, ""10"": 3, ""15"": 1, ""20"": 6, ""25"": 3}",1937.4048584140837,1937.4048584140837,9937.981824856251,1738.9760701917112,1908.6393336765468,101.09812207520008,nan,nan,nan,nan,nan,nan,nan,nan,nan
ordered_expert_hidden,libero_10,7,LIVING_ROOM_SCENE1_put_both_the_alphabet_soup_and_the_cream_cheese_box_in_the_basket,345,345,1,0,266,15,15,17.333333333333332,"{""5"": 2, ""15"": 5, ""20"": 5, ""25"": 3}",1821.201127488166,1821.201127488166,10078.700322657824,1634.6318423748016,1793.261452112347,94.45494320243597,nan,nan,nan,nan,nan,nan,nan,nan,nan
ordered_visual_query,libero_10,7,LIVING_ROOM_SCENE1_put_both_the_alphabet_soup_and_the_cream_cheese_box_in_the_basket,345,345,1,0,253,13,13,19.23076923076923,"{""5"": 1, ""15"": 4, ""20"": 3, ""25"": 5}",1618.5755985789,1618.5755985789,9572.645127307624,1457.2503720410168,1595.5106946639717,82.28261675685644,nan,nan,nan,nan,nan,nan,nan,nan,nan
ordered_transformer,libero_10,7,LIVING_ROOM_SCENE1_put_both_the_alphabet_soup_and_the_cream_cheese_box_in_the_basket,345,345,1,0,269,16,16,16.5625,"{""5"": 3, ""10"": 1, ""15"": 3, ""20"": 6, ""25"": 3}",1949.158014729619,1949.158014729619,10112.880058120936,1755.5841114372015,1920.6361952237785,100.00058962032199,nan,nan,nan,nan,nan,nan,nan,nan,nan
ordered_transformer,libero_10,8,KITCHEN_SCENE8_put_both_moka_pots_on_the_stove,336,336,1,0,394,16,16,24.0625,"{""15"": 1, ""20"": 1, ""25"": 14}",1979.1390323080122,1979.1390323080122,9433.853086084127,1774.2725438438356,1949.1774742491543,103.20814652368426,nan,nan,nan,nan,nan,nan,nan,nan,nan
ordered_visual_query,libero_10,8,KITCHEN_SCENE8_put_both_moka_pots_on_the_stove,336,336,1,0,374,15,15,25.0,"{""25"": 15}",1859.9653453566134,1859.9653453566134,9021.970082074404,1674.2188725620508,1833.1596455536783,93.8280988484621,nan,nan,nan,nan,nan,nan,nan,nan,nan
ordered_expert_hidden,libero_10,8,KITCHEN_SCENE8_put_both_moka_pots_on_the_stove,336,336,1,0,381,16,16,23.75,"{""10"": 1, ""20"": 1, ""25"": 14}",1962.4585648998618,1962.4585648998618,9346.719525754452,1750.340526457876,1929.8374624922872,100.41000321507454,nan,nan,nan,nan,nan,nan,nan,nan,nan
ordered_expert_hidden,libero_10,8,KITCHEN_SCENE8_put_both_moka_pots_on_the_stove,337,337,1,0,457,19,19,23.94736842105263,"{""20"": 4, ""25"": 15}",2346.843025647104,2346.843025647104,10778.116098139435,2099.1993588395417,2307.862427085638,123.83785471320152,nan,nan,nan,nan,nan,nan,nan,nan,nan
ordered_visual_query,libero_10,8,KITCHEN_SCENE8_put_both_moka_pots_on_the_stove,337,337,1,0,369,15,15,24.333333333333332,"{""20"": 2, ""25"": 13}",1863.4543283842504,1863.4543283842504,9034.743396099657,1673.772046342492,1835.3144070133567,97.80924953520298,nan,nan,nan,nan,nan,nan,nan,nan,nan
ordered_transformer,libero_10,8,KITCHEN_SCENE8_put_both_moka_pots_on_the_stove,337,337,0,1,1000,42,42,23.571428571428573,"{""5"": 1, ""10"": 1, ""20"": 5, ""25"": 35}",5137.814815156162,5137.814815156162,19900.113901589066,4618.637838866562,5059.74917858839,263.4572386741638,nan,nan,nan,nan,nan,nan,nan,nan,nan
ordered_transformer,libero_10,8,KITCHEN_SCENE8_put_both_moka_pots_on_the_stove,338,338,1,0,389,17,17,23.529411764705884,"{""10"": 1, ""20"": 2, ""25"": 14}",2078.7726482376456,2078.7726482376456,9544.295128900558,1865.510490257293,2048.4905848279595,106.66510323062539,nan,nan,nan,nan,nan,nan,nan,nan,nan
ordered_visual_query,libero_10,8,KITCHEN_SCENE8_put_both_moka_pots_on_the_stove,338,338,1,0,382,16,16,24.0625,"{""15"": 1, ""20"": 1, ""25"": 14}",1973.9418062381446,1973.9418062381446,9343.342088162899,1773.2977336272597,1942.5262566655874,101.2742011807859,nan,nan,nan,nan,nan,nan,nan,nan,nan
ordered_expert_hidden,libero_10,8,KITCHEN_SCENE8_put_both_moka_pots_on_the_stove,338,338,1,0,379,16,16,23.4375,"{""10"": 1, ""20"": 2, ""25"": 13}",1964.9339504539967,1964.9339504539967,9237.798859365284,1764.174216426909,1935.730111785233,101.97244537994266,nan,nan,nan,nan,nan,nan,nan,nan,nan
ordered_expert_hidden,libero_10,8,KITCHEN_SCENE8_put_both_moka_pots_on_the_stove,339,339,1,0,392,16,16,24.6875,"{""20"": 1, ""25"": 15}",1944.3245339207351,1944.3245339207351,9418.017438612878,1755.1990472711623,1914.5107516087592,101.03566478937864,nan,nan,nan,nan,nan,nan,nan,nan,nan
ordered_visual_query,libero_10,8,KITCHEN_SCENE8_put_both_moka_pots_on_the_stove,339,339,1,0,390,16,16,24.375,"{""20"": 2, ""25"": 14}",1974.5676289312541,1974.5676289312541,9452.243405859917,1768.143116030842,1943.1803226470947,101.71864414587617,nan,nan,nan,nan,nan,nan,nan,nan,nan
ordered_transformer,libero_10,8,KITCHEN_SCENE8_put_both_moka_pots_on_the_stove,339,339,1,0,369,16,16,23.75,"{""15"": 1, ""20"": 2, ""25"": 13}",1949.5744057931006,1949.5744057931006,9026.198053266853,1751.2543480843306,1920.9496420808136,99.55665236338973,nan,nan,nan,nan,nan,nan,nan,nan,nan
ordered_transformer,libero_10,8,KITCHEN_SCENE8_put_both_moka_pots_on_the_stove,340,340,1,0,368,15,15,24.0,"{""15"": 1, ""20"": 1, ""25"": 13}",1845.423239748925,1845.423239748925,8933.364036958665,1651.892876252532,1817.2294930554926,95.68077465519309,nan,nan,nan,nan,nan,nan,nan,nan,nan
ordered_visual_query,libero_10,8,KITCHEN_SCENE8_put_both_moka_pots_on_the_stove,340,340,1,0,380,15,15,24.666666666666668,"{""20"": 1, ""25"": 14}",1851.4285045675933,1851.4285045675933,9054.879813920707,1661.4283905364573,1824.1983549669385,97.28258661925793,nan,nan,nan,nan,nan,nan,nan,nan,nan
ordered_expert_hidden,libero_10,8,KITCHEN_SCENE8_put_both_moka_pots_on_the_stove,340,340,1,0,470,20,20,23.75,"{""15"": 1, ""20"": 3, ""25"": 16}",2480.376025661826,2480.376025661826,10885.896373074502,2230.8469782583416,2441.775555256754,130.03642950206995,nan,nan,nan,nan,nan,nan,nan,nan,nan
ordered_expert_hidden,libero_10,8,KITCHEN_SCENE8_put_both_moka_pots_on_the_stove,341,341,1,0,384,16,16,24.0625,"{""20"": 3, ""25"": 13}",1964.1467505134642,1964.1467505134642,9353.353564627469,1771.790714468807,1933.956956025213,108.01395634189248,nan,nan,nan,nan,nan,nan,nan,nan,nan
ordered_visual_query,libero_10,8,KITCHEN_SCENE8_put_both_moka_pots_on_the_stove,341,341,1,0,545,23,23,24.130434782608695,"{""15"": 1, ""20"": 2, ""25"": 20}",2802.2694564424455,2802.2694564424455,12410.195094067603,2521.632987074554,2757.6209995895624,136.1643597483635,nan,nan,nan,nan,nan,nan,nan,nan,nan
ordered_transformer,libero_10,8,KITCHEN_SCENE8_put_both_moka_pots_on_the_stove,341,341,1,0,382,17,17,22.941176470588236,"{""10"": 1, ""20"": 4, ""25"": 12}",2099.551889579743,2099.551889579743,9413.256729021668,1889.71697865054,2068.158176727593,106.08778335154057,nan,nan,nan,nan,nan,nan,nan,nan,nan
ordered_transformer,libero_10,8,KITCHEN_SCENE8_put_both_moka_pots_on_the_stove,342,342,0,1,1000,43,43,23.023255813953487,"{""20"": 17, ""25"": 26}",5254.976978991181,5254.976978991181,19604.498212225735,4714.972724672407,5175.690820906311,272.3745512776077,nan,nan,nan,nan,nan,nan,nan,nan,nan
ordered_visual_query,libero_10,8,KITCHEN_SCENE8_put_both_moka_pots_on_the_stove,342,342,0,1,1000,43,43,23.023255813953487,"{""20"": 17, ""25"": 26}",5369.0072959288955,5369.0072959288955,20857.297169975936,4818.31096066162,5281.860544811934,280.4900864139199,nan,nan,nan,nan,nan,nan,nan,nan,nan
ordered_expert_hidden,libero_10,8,KITCHEN_SCENE8_put_both_moka_pots_on_the_stove,342,342,1,0,435,19,19,23.157894736842106,"{""20"": 7, ""25"": 12}",1872.9756670072675,1872.9756670072675,9829.566150903702,1735.9859100542963,1843.387404922396,76.7853013239801,nan,nan,nan,nan,nan,nan,nan,nan,nan
ordered_expert_hidden,libero_10,8,KITCHEN_SCENE8_put_both_moka_pots_on_the_stove,343,343,1,0,399,18,18,22.22222222222222,"{""10"": 2, ""15"": 1, ""20"": 2, ""25"": 13}",1785.8589882962406,1785.8589882962406,9341.318464837968,1656.319169793278,1757.6978239230812,72.82836828380823,nan,nan,nan,nan,nan,nan,nan,nan,nan
ordered_visual_query,libero_10,8,KITCHEN_SCENE8_put_both_moka_pots_on_the_stove,343,343,1,0,398,16,16,24.6875,"{""20"": 1, ""25"": 15}",2018.5016924515367,2018.5016924515367,9635.795102920383,1808.9913856238127,1984.4862702302635,107.63236554339528,nan,nan,nan,nan,nan,nan,nan,nan,nan
ordered_transformer,libero_10,8,KITCHEN_SCENE8_put_both_moka_pots_on_the_stove,343,343,1,0,382,17,17,23.235294117647058,"{""15"": 1, ""20"": 4, ""25"": 12}",2093.635595869273,2093.635595869273,9557.894587051123,1879.2234444990754,2060.8552442863584,109.34070264920592,nan,nan,nan,nan,nan,nan,nan,nan,nan
ordered_transformer,libero_10,8,KITCHEN_SCENE8_put_both_moka_pots_on_the_stove,344,344,1,0,395,17,17,23.823529411764707,"{""20"": 4, ""25"": 13}",2098.4092042781413,2098.4092042781413,9647.74013031274,1886.4138550125062,2066.004095133394,106.35273065418005,nan,nan,nan,nan,nan,nan,nan,nan,nan
ordered_visual_query,libero_10,8,KITCHEN_SCENE8_put_both_moka_pots_on_the_stove,344,344,1,0,451,19,19,23.94736842105263,"{""20"": 4, ""25"": 15}",2422.89470275864,2422.89470275864,10610.074711032212,2166.89791996032,2384.9340812303126,130.62531780451536,nan,nan,nan,nan,nan,nan,nan,nan,nan
ordered_expert_hidden,libero_10,8,KITCHEN_SCENE8_put_both_moka_pots_on_the_stove,344,344,1,0,380,16,16,23.4375,"{""20"": 5, ""25"": 11}",1980.2126693539321,1980.2126693539321,9306.780396960676,1776.0271718725562,1946.0604600608349,106.10859235748649,nan,nan,nan,nan,nan,nan,nan,nan,nan
ordered_expert_hidden,libero_10,8,KITCHEN_SCENE8_put_both_moka_pots_on_the_stove,345,345,1,0,521,24,24,22.083333333333332,"{""10"": 1, ""15"": 2, ""20"": 7, ""25"": 14}",2963.9147208072245,2963.9147208072245,12079.414783976972,2647.416267544031,2914.45429623127,157.7909765765071,nan,nan,nan,nan,nan,nan,nan,nan,nan
ordered_visual_query,libero_10,8,KITCHEN_SCENE8_put_both_moka_pots_on_the_stove,345,345,1,0,383,16,16,23.75,"{""10"": 1, ""20"": 1, ""25"": 14}",2011.2188467755914,2011.2188467755914,9214.487360790372,1809.238851070404,1980.1914123818278,108.37672185152769,nan,nan,nan,nan,nan,nan,nan,nan,nan
ordered_transformer,libero_10,8,KITCHEN_SCENE8_put_both_moka_pots_on_the_stove,345,345,1,0,353,15,15,23.666666666666668,"{""20"": 4, ""25"": 11}",1837.65990100801,1837.65990100801,8829.325671773404,1648.5096202231944,1809.9764939397573,95.45865934342146,nan,nan,nan,nan,nan,nan,nan,nan,nan
ordered_transformer,libero_10,9,KITCHEN_SCENE6_put_the_yellow_and_white_mug_in_the_microwave_and_close_it,336,336,1,0,282,17,17,17.352941176470587,"{""5"": 4, ""10"": 3, ""20"": 1, ""25"": 9}",2050.2920183353126,2050.2920183353126,9659.887196030468,1842.618111986667,2020.32155636698,105.32233072444797,nan,nan,nan,nan,nan,nan,nan,nan,nan
ordered_visual_query,libero_10,9,KITCHEN_SCENE6_put_the_yellow_and_white_mug_in_the_microwave_and_close_it,336,336,1,0,253,15,15,17.666666666666668,"{""5"": 4, ""10"": 1, ""20"": 3, ""25"": 7}",1881.1172554269433,1881.1172554269433,9139.740569051355,1691.8365908786654,1851.8081922084093,103.83609868586063,nan,nan,nan,nan,nan,nan,nan,nan,nan
ordered_expert_hidden,libero_10,9,KITCHEN_SCENE6_put_the_yellow_and_white_mug_in_the_microwave_and_close_it,336,336,1,0,274,16,16,17.5,"{""5"": 4, ""10"": 2, ""20"": 2, ""25"": 8}",1944.273911882192,1944.273911882192,9409.808032680303,1744.920083321631,1912.314127665013,101.0252614505589,nan,nan,nan,nan,nan,nan,nan,nan,nan
ordered_expert_hidden,libero_10,9,KITCHEN_SCENE6_put_the_yellow_and_white_mug_in_the_microwave_and_close_it,337,337,1,0,263,11,11,23.181818181818183,"{""10"": 1, ""20"": 1, ""25"": 9}",1353.5425765439868,1353.5425765439868,8599.45052023977,1212.623012252152,1332.475499715656,70.06865879520774,nan,nan,nan,nan,nan,nan,nan,nan,nan
ordered_visual_query,libero_10,9,KITCHEN_SCENE6_put_the_yellow_and_white_mug_in_the_microwave_and_close_it,337,337,1,0,262,11,11,23.181818181818183,"{""10"": 1, ""20"": 1, ""25"": 9}",1397.0793755725026,1397.0793755725026,8611.81339295581,1254.1866688989103,1373.9542244002223,72.28029100224376,nan,nan,nan,nan,nan,nan,nan,nan,nan
ordered_transformer,libero_10,9,KITCHEN_SCENE6_put_the_yellow_and_white_mug_in_the_microwave_and_close_it,337,337,1,0,266,12,12,23.333333333333332,"{""10"": 1, ""20"": 1, ""25"": 10}",1486.995787359774,1486.995787359774,8691.066591069102,1330.0847159698606,1462.8081312403083,76.93724380806088,nan,nan,nan,nan,nan,nan,nan,nan,nan
ordered_transformer,libero_10,9,KITCHEN_SCENE6_put_the_yellow_and_white_mug_in_the_microwave_and_close_it,338,338,1,0,231,12,12,19.583333333333332,"{""5"": 2, ""10"": 1, ""20"": 2, ""25"": 7}",1472.641504369676,1472.641504369676,8412.443535868078,1323.3700338751078,1449.9257481656969,74.92493093013763,nan,nan,nan,nan,nan,nan,nan,nan,nan
ordered_visual_query,libero_10,9,KITCHEN_SCENE6_put_the_yellow_and_white_mug_in_the_microwave_and_close_it,338,338,1,0,237,11,11,20.90909090909091,"{""5"": 1, ""10"": 1, ""20"": 2, ""25"": 7}",1378.9610438980162,1378.9610438980162,8493.748728651553,1239.1338683664799,1355.7326472364366,73.20051779970527,nan,nan,nan,nan,nan,nan,nan,nan,nan
ordered_expert_hidden,libero_10,9,KITCHEN_SCENE6_put_the_yellow_and_white_mug_in_the_microwave_and_close_it,338,338,1,0,252,13,13,20.0,"{""5"": 2, ""10"": 1, ""20"": 2, ""25"": 8}",1617.2451479360461,1617.2451479360461,9032.360330224037,1447.7835395373404,1592.1187149360776,85.9672324731946,nan,nan,nan,nan,nan,nan,nan,nan,nan
ordered_expert_hidden,libero_10,9,KITCHEN_SCENE6_put_the_yellow_and_white_mug_in_the_microwave_and_close_it,339,339,1,0,269,13,13,20.0,"{""5"": 2, ""10"": 1, ""20"": 2, ""25"": 8}",1599.1774844005704,1599.1774844005704,8988.53210406378,1436.27850105986,1576.439453754574,84.55190202221274,nan,nan,nan,nan,nan,nan,nan,nan,nan
ordered_visual_query,libero_10,9,KITCHEN_SCENE6_put_the_yellow_and_white_mug_in_the_microwave_and_close_it,339,339,1,0,265,11,11,23.636363636363637,"{""20"": 3, ""25"": 8}",1366.1008402705193,1366.1008402705193,8690.480621065944,1227.4903878569603,1343.839209061116,72.19432154670358,nan,nan,nan,nan,nan,nan,nan,nan,nan
ordered_transformer,libero_10,9,KITCHEN_SCENE6_put_the_yellow_and_white_mug_in_the_microwave_and_close_it,339,339,1,0,287,14,14,20.357142857142858,"{""5"": 2, ""10"": 1, ""20"": 2, ""25"": 9}",1591.5609057992697,1591.5609057992697,9154.43650400266,1444.1291578114033,1567.815458867699,77.22222246229649,nan,nan,nan,nan,nan,nan,nan,nan,nan
ordered_transformer,libero_10,9,KITCHEN_SCENE6_put_the_yellow_and_white_mug_in_the_microwave_and_close_it,340,340,0,1,1000,50,50,19.8,"{""5"": 2, ""10"": 1, ""15"": 1, ""20"": 39, ""25"": 7}",6100.494848098606,6100.494848098606,22544.91228517145,5476.008459925652,6009.821888059378,315.21944608539343,nan,nan,nan,nan,nan,nan,nan,nan,nan
ordered_visual_query,libero_10,9,KITCHEN_SCENE6_put_the_yellow_and_white_mug_in_the_microwave_and_close_it,340,340,1,0,259,11,11,23.181818181818183,"{""15"": 1, ""20"": 2, ""25"": 8}",1398.5626879148185,1398.5626879148185,8565.814113244414,1255.8398069813848,1375.697742216289,73.55525624006987,nan,nan,nan,nan,nan,nan,nan,nan,nan
ordered_expert_hidden,libero_10,9,KITCHEN_SCENE6_put_the_yellow_and_white_mug_in_the_microwave_and_close_it,340,340,1,0,274,14,14,20.0,"{""5"": 2, ""15"": 1, ""20"": 4, ""25"": 7}",1715.0465743616223,1715.0465743616223,9056.472052820027,1542.734214104712,1690.0637769140303,91.34310577064753,nan,nan,nan,nan,nan,nan,nan,nan,nan
ordered_expert_hidden,libero_10,9,KITCHEN_SCENE6_put_the_yellow_and_white_mug_in_the_microwave_and_close_it,341,341,1,0,291,16,16,18.4375,"{""5"": 4, ""10"": 1, ""20"": 2, ""25"": 9}",1910.408102441579,1910.408102441579,9547.131286934018,1719.8523143306375,1882.9082227312028,98.31623313948512,nan,nan,nan,nan,nan,nan,nan,nan,nan
ordered_visual_query,libero_10,9,KITCHEN_SCENE6_put_the_yellow_and_white_mug_in_the_microwave_and_close_it,341,341,1,0,286,12,12,24.166666666666668,"{""20"": 2, ""25"": 10}",1484.1761249117553,1484.1761249117553,9090.353350155056,1334.0653427876532,1458.7386692874134,77.58779264986515,nan,nan,nan,nan,nan,nan,nan,nan,nan
ordered_transformer,libero_10,9,KITCHEN_SCENE6_put_the_yellow_and_white_mug_in_the_microwave_and_close_it,341,341,1,0,287,15,15,19.333333333333332,"{""5"": 3, ""10"": 1, ""20"": 2, ""25"": 9}",1693.2262415066361,1693.2262415066361,9253.96897830069,1540.0709505192935,1667.1808580867946,85.6149336323142,nan,nan,nan,nan,nan,nan,nan,nan,nan
ordered_transformer,libero_10,9,KITCHEN_SCENE6_put_the_yellow_and_white_mug_in_the_microwave_and_close_it,342,342,1,0,292,13,13,22.692307692307693,"{""10"": 1, ""20"": 3, ""25"": 9}",1567.025906406343,1567.025906406343,9252.197499386966,1413.1542821414769,1543.749785516411,79.88449418917298,nan,nan,nan,nan,nan,nan,nan,nan,nan
ordered_visual_query,libero_10,9,KITCHEN_SCENE6_put_the_yellow_and_white_mug_in_the_microwave_and_close_it,342,342,0,1,1000,47,47,21.06382978723404,"{""10"": 1, ""20"": 34, ""25"": 12}",5851.073641330004,5851.073641330004,22417.450866196305,5266.419407911599,5757.350286934525,318.88092728331685,nan,nan,nan,nan,nan,nan,nan,nan,nan
ordered_expert_hidden,libero_10,9,KITCHEN_SCENE6_put_the_yellow_and_white_mug_in_the_microwave_and_close_it,342,342,1,0,292,13,13,23.076923076923077,"{""10"": 1, ""20"": 2, ""25"": 10}",1574.273981153965,1574.273981153965,9256.64912816137,1414.7700760513544,1547.941975761205,84.11060180515051,nan,nan,nan,nan,nan,nan,nan,nan,nan
ordered_expert_hidden,libero_10,9,KITCHEN_SCENE6_put_the_yellow_and_white_mug_in_the_microwave_and_close_it,343,343,1,0,249,15,15,17.333333333333332,"{""5"": 3, ""10"": 2, ""15"": 1, ""20"": 3, ""25"": 6}",1847.2655392251909,1847.2655392251909,9000.128636136651,1658.4064378403127,1817.692213691771,92.02239196747541,nan,nan,nan,nan,nan,nan,nan,nan,nan
ordered_visual_query,libero_10,9,KITCHEN_SCENE6_put_the_yellow_and_white_mug_in_the_microwave_and_close_it,343,343,1,0,257,15,15,17.333333333333332,"{""5"": 3, ""10"": 2, ""15"": 1, ""20"": 3, ""25"": 6}",1640.273570548743,1640.273570548743,8913.109388202429,1498.1460259296,1613.9694638550282,79.5557121746242,nan,nan,nan,nan,nan,nan,nan,nan,nan
ordered_transformer,libero_10,9,KITCHEN_SCENE6_put_the_yellow_and_white_mug_in_the_microwave_and_close_it,343,343,1,0,257,15,15,17.666666666666668,"{""5"": 3, ""10"": 2, ""15"": 1, ""20"": 2, ""25"": 7}",1803.48144704476,1803.48144704476,9083.536519668996,1620.0271206907928,1776.9894488155842,92.54549676552415,nan,nan,nan,nan,nan,nan,nan,nan,nan
ordered_transformer,libero_10,9,KITCHEN_SCENE6_put_the_yellow_and_white_mug_in_the_microwave_and_close_it,344,344,1,0,247,12,12,20.0,"{""5"": 2, ""10"": 1, ""20"": 1, ""25"": 8}",1463.735525496304,1463.735525496304,8544.35060499236,1316.0746418870986,1441.9976491481066,75.50690043717623,nan,nan,nan,nan,nan,nan,nan,nan,nan
ordered_visual_query,libero_10,9,KITCHEN_SCENE6_put_the_yellow_and_white_mug_in_the_microwave_and_close_it,344,344,1,0,249,12,12,20.0,"{""5"": 2, ""10"": 1, ""20"": 1, ""25"": 8}",1434.2564661055803,1434.2564661055803,8595.025138929486,1296.8921991996467,1410.4254362173378,75.74957190081477,nan,nan,nan,nan,nan,nan,nan,nan,nan
ordered_expert_hidden,libero_10,9,KITCHEN_SCENE6_put_the_yellow_and_white_mug_in_the_microwave_and_close_it,344,344,1,0,246,13,13,18.846153846153847,"{""5"": 3, ""10"": 1, ""20"": 1, ""25"": 8}",1572.0417089760303,1572.0417089760303,8759.073769673705,1408.6105222813785,1548.2097300700843,82.26504689082503,nan,nan,nan,nan,nan,nan,nan,nan,nan
ordered_expert_hidden,libero_10,9,KITCHEN_SCENE6_put_the_yellow_and_white_mug_in_the_microwave_and_close_it,345,345,0,1,1000,45,45,22.0,"{""5"": 1, ""20"": 23, ""25"": 21}",5568.02662787959,5568.02662787959,22552.316442131996,5003.480291925371,5482.243611942977,286.6586889140308,nan,nan,nan,nan,nan,nan,nan,nan,nan
ordered_visual_query,libero_10,9,KITCHEN_SCENE6_put_the_yellow_and_white_mug_in_the_microwave_and_close_it,345,345,1,0,284,12,12,23.75,"{""20"": 3, ""25"": 9}",1485.686413012445,1485.686413012445,9494.634749367833,1334.418478421867,1460.007635410875,78.05300271138549,nan,nan,nan,nan,nan,nan,nan,nan,nan
ordered_transformer,libero_10,9,KITCHEN_SCENE6_put_the_yellow_and_white_mug_in_the_microwave_and_close_it,345,345,1,0,501,24,24,21.458333333333332,"{""10"": 2, ""20"": 11, ""25"": 11}",2919.5337276905775,2919.5337276905775,13679.796755779535,2621.5302706696093,2874.8534908518195,150.1743053086102,nan,nan,nan,nan,nan,nan,nan,nan,nan
