mode,task_suite,task_id,task_name,episode,initial_state_id,success,timeout,steps,policy_calls,sampled_action_chunks,avg_h,h_distribution_json,actual_wall_total_ms,policy_rpc_wall_total_ms,actual_episode_elapsed_total_ms,actual_policy_total_ms,actual_server_total_ms,actual_predictor_total_ms,actual_batched_teacher_total_ms,actual_contextual_fusion_total_ms,contextual_fusion_translation_disagreement_mean,contextual_fusion_rotation_disagreement_mean,contextual_fusion_gripper_conflict_rate,contextual_fusion_expert_gate_rate,contextual_fusion_phase_expert_rate,actual_harp_residual_total_ms,actual_harp_gripper_event_total_ms
ordered_transformer,libero_10,0,LIVING_ROOM_SCENE2_put_both_the_alphabet_soup_and_the_tomato_sauce_in_the_basket,336,336,1,0,266,13,13,20.384615384615383,"{""15"": 2, ""20"": 8, ""25"": 3}",1574.9918054789305,1574.9918054789305,11978.483389131725,1414.146674796939,1549.7848531231284,80.16783418133855,nan,nan,nan,nan,nan,nan,nan,nan,nan
ordered_feedback_current,libero_10,0,LIVING_ROOM_SCENE2_put_both_the_alphabet_soup_and_the_tomato_sauce_in_the_basket,336,336,1,0,257,13,13,19.615384615384617,"{""5"": 1, ""15"": 2, ""20"": 6, ""25"": 4}",1608.7736156769097,1608.7736156769097,12036.586643196642,1447.5857503712177,1584.7523603588343,81.89473999664187,nan,nan,nan,nan,nan,nan,nan,nan,nan
ordered_feedback_history,libero_10,0,LIVING_ROOM_SCENE2_put_both_the_alphabet_soup_and_the_tomato_sauce_in_the_basket,336,336,1,0,250,12,12,20.416666666666668,"{""15"": 2, ""20"": 7, ""25"": 3}",1455.5891770869493,1455.5891770869493,11644.384948071092,1309.7856463864446,1433.1489861942828,75.08932799100876,nan,nan,nan,nan,nan,nan,nan,nan,nan
ordered_feedback_history,libero_10,0,LIVING_ROOM_SCENE2_put_both_the_alphabet_soup_and_the_tomato_sauce_in_the_basket,337,337,1,0,339,17,17,19.705882352941178,"{""5"": 1, ""10"": 1, ""15"": 2, ""20"": 7, ""25"": 6}",2110.2441251277924,2110.2441251277924,14431.495976168662,1887.2398985549808,2075.6090860813856,112.5291045755148,nan,nan,nan,nan,nan,nan,nan,nan,nan
ordered_feedback_current,libero_10,0,LIVING_ROOM_SCENE2_put_both_the_alphabet_soup_and_the_tomato_sauce_in_the_basket,337,337,1,0,262,13,13,20.76923076923077,"{""15"": 1, ""20"": 9, ""25"": 3}",1615.739363245666,1615.739363245666,12441.57352624461,1441.849750932306,1587.964316830039,86.74603933468461,nan,nan,nan,nan,nan,nan,nan,nan,nan
ordered_transformer,libero_10,0,LIVING_ROOM_SCENE2_put_both_the_alphabet_soup_and_the_tomato_sauce_in_the_basket,337,337,1,0,270,13,13,20.0,"{""10"": 1, ""15"": 2, ""20"": 6, ""25"": 4}",1613.2267476059496,1613.2267476059496,12350.210323929787,1448.1441979296505,1586.192806251347,82.13810063898563,nan,nan,nan,nan,nan,nan,nan,nan,nan
ordered_transformer,libero_10,0,LIVING_ROOM_SCENE2_put_both_the_alphabet_soup_and_the_tomato_sauce_in_the_basket,338,338,1,0,266,13,13,20.76923076923077,"{""15"": 2, ""20"": 7, ""25"": 4}",1587.1638227254152,1587.1638227254152,12641.74030488357,1421.8971603550017,1560.595542192459,81.47614542394876,nan,nan,nan,nan,nan,nan,nan,nan,nan
ordered_feedback_current,libero_10,0,LIVING_ROOM_SCENE2_put_both_the_alphabet_soup_and_the_tomato_sauce_in_the_basket,338,338,1,0,269,13,13,20.76923076923077,"{""15"": 1, ""20"": 9, ""25"": 3}",1607.4408064596355,1607.4408064596355,12571.030587889254,1440.9688338637352,1581.8982771597803,84.05780280008912,nan,nan,nan,nan,nan,nan,nan,nan,nan
ordered_feedback_history,libero_10,0,LIVING_ROOM_SCENE2_put_both_the_alphabet_soup_and_the_tomato_sauce_in_the_basket,338,338,1,0,281,13,13,21.53846153846154,"{""15"": 1, ""20"": 7, ""25"": 5}",1584.6871631219983,1584.6871631219983,12562.454621773213,1425.9688314050436,1557.7080571092665,78.85116478428245,nan,nan,nan,nan,nan,nan,nan,nan,nan
ordered_feedback_history,libero_10,0,LIVING_ROOM_SCENE2_put_both_the_alphabet_soup_and_the_tomato_sauce_in_the_basket,339,339,1,0,282,14,14,20.357142857142858,"{""15"": 2, ""20"": 9, ""25"": 3}",1723.2419261708856,1723.2419261708856,13466.946626082063,1543.6100899241865,1693.8879783265293,88.31935003399849,nan,nan,nan,nan,nan,nan,nan,nan,nan
ordered_feedback_current,libero_10,0,LIVING_ROOM_SCENE2_put_both_the_alphabet_soup_and_the_tomato_sauce_in_the_basket,339,339,1,0,277,14,14,20.0,"{""5"": 1, ""15"": 2, ""20"": 6, ""25"": 5}",1732.8194710426033,1732.8194710426033,13218.001232016832,1550.3216716460884,1705.109457951039,88.30678788945079,nan,nan,nan,nan,nan,nan,nan,nan,nan
ordered_transformer,libero_10,0,LIVING_ROOM_SCENE2_put_both_the_alphabet_soup_and_the_tomato_sauce_in_the_basket,339,339,1,0,288,14,14,20.0,"{""5"": 1, ""15"": 2, ""20"": 6, ""25"": 5}",1728.7762202322483,1728.7762202322483,13249.329302925617,1549.6551687829196,1700.7561335340142,91.46006777882576,nan,nan,nan,nan,nan,nan,nan,nan,nan
ordered_transformer,libero_10,0,LIVING_ROOM_SCENE2_put_both_the_alphabet_soup_and_the_tomato_sauce_in_the_basket,340,340,1,0,360,18,18,19.72222222222222,"{""5"": 1, ""15"": 3, ""20"": 9, ""25"": 5}",2190.7641757279634,2190.7641757279634,14280.835486017168,1966.8771945871413,2156.847766600549,112.72506974637508,nan,nan,nan,nan,nan,nan,nan,nan,nan
ordered_feedback_current,libero_10,0,LIVING_ROOM_SCENE2_put_both_the_alphabet_soup_and_the_tomato_sauce_in_the_basket,340,340,1,0,281,14,14,19.642857142857142,"{""15"": 4, ""20"": 7, ""25"": 3}",1704.1685804724693,1704.1685804724693,12411.26877721399,1528.2140099443495,1676.8291830085218,88.06838421151042,nan,nan,nan,nan,nan,nan,nan,nan,nan
ordered_feedback_history,libero_10,0,LIVING_ROOM_SCENE2_put_both_the_alphabet_soup_and_the_tomato_sauce_in_the_basket,340,340,1,0,274,13,13,21.153846153846153,"{""15"": 1, ""20"": 8, ""25"": 4}",1580.7229904457927,1580.7229904457927,12335.196900181472,1417.8245118819177,1557.7335208654404,79.33013001456857,nan,nan,nan,nan,nan,nan,nan,nan,nan
ordered_feedback_history,libero_10,0,LIVING_ROOM_SCENE2_put_both_the_alphabet_soup_and_the_tomato_sauce_in_the_basket,341,341,1,0,505,27,27,18.51851851851852,"{""5"": 4, ""15"": 3, ""20"": 13, ""25"": 7}",3210.6502135284245,3210.6502135284245,17653.100283816457,2891.6937494650483,3161.144634708762,162.62815427035093,nan,nan,nan,nan,nan,nan,nan,nan,nan
ordered_feedback_current,libero_10,0,LIVING_ROOM_SCENE2_put_both_the_alphabet_soup_and_the_tomato_sauce_in_the_basket,341,341,1,0,280,14,14,20.0,"{""5"": 1, ""15"": 1, ""20"": 8, ""25"": 4}",1726.810127031058,1726.810127031058,12187.442482914776,1542.3867302015424,1698.4484675340354,91.85276366770267,nan,nan,nan,nan,nan,nan,nan,nan,nan
ordered_transformer,libero_10,0,LIVING_ROOM_SCENE2_put_both_the_alphabet_soup_and_the_tomato_sauce_in_the_basket,341,341,1,0,285,14,14,20.0,"{""5"": 1, ""15"": 2, ""20"": 6, ""25"": 5}",1698.7621900625527,1698.7621900625527,12415.520637761801,1526.1211250908673,1671.3265753351152,89.17200705036521,nan,nan,nan,nan,nan,nan,nan,nan,nan
ordered_transformer,libero_10,0,LIVING_ROOM_SCENE2_put_both_the_alphabet_soup_and_the_tomato_sauce_in_the_basket,342,342,1,0,318,16,16,20.0,"{""15"": 4, ""20"": 8, ""25"": 4}",1933.7816494517028,1933.7816494517028,13404.487933032215,1744.9709326028824,1902.4298251606524,99.85480923205614,nan,nan,nan,nan,nan,nan,nan,nan,nan
ordered_feedback_current,libero_10,0,LIVING_ROOM_SCENE2_put_both_the_alphabet_soup_and_the_tomato_sauce_in_the_basket,342,342,1,0,434,22,22,19.772727272727273,"{""5"": 1, ""15"": 3, ""20"": 13, ""25"": 5}",2696.39855530113,2696.39855530113,15898.708670865744,2420.7718675024807,2652.2087771445513,141.90686540678144,nan,nan,nan,nan,nan,nan,nan,nan,nan
ordered_feedback_history,libero_10,0,LIVING_ROOM_SCENE2_put_both_the_alphabet_soup_and_the_tomato_sauce_in_the_basket,342,342,1,0,309,16,16,19.0625,"{""5"": 1, ""15"": 4, ""20"": 7, ""25"": 4}",1903.8932612165809,1903.8932612165809,12998.961966019124,1716.8880398385227,1873.3757338486612,95.28689598664641,nan,nan,nan,nan,nan,nan,nan,nan,nan
ordered_feedback_history,libero_10,0,LIVING_ROOM_SCENE2_put_both_the_alphabet_soup_and_the_tomato_sauce_in_the_basket,343,343,1,0,524,27,27,19.25925925925926,"{""5"": 3, ""15"": 5, ""20"": 9, ""25"": 10}",3277.363635133952,3277.363635133952,18109.954684972763,2943.2141557335854,3225.858957041055,166.62504291161895,nan,nan,nan,nan,nan,nan,nan,nan,nan
ordered_feedback_current,libero_10,0,LIVING_ROOM_SCENE2_put_both_the_alphabet_soup_and_the_tomato_sauce_in_the_basket,343,343,1,0,378,19,19,19.473684210526315,"{""5"": 2, ""15"": 3, ""20"": 7, ""25"": 7}",2312.761732377112,2312.761732377112,14467.129528988153,2078.1447808258235,2278.254202567041,119.21562440693378,nan,nan,nan,nan,nan,nan,nan,nan,nan
ordered_transformer,libero_10,0,LIVING_ROOM_SCENE2_put_both_the_alphabet_soup_and_the_tomato_sauce_in_the_basket,343,343,1,0,324,16,16,20.3125,"{""15"": 4, ""20"": 7, ""25"": 5}",1953.2726341858506,1953.2726341858506,13281.71477233991,1754.0181372314692,1924.299514386803,101.39887128025293,nan,nan,nan,nan,nan,nan,nan,nan,nan
ordered_transformer,libero_10,0,LIVING_ROOM_SCENE2_put_both_the_alphabet_soup_and_the_tomato_sauce_in_the_basket,344,344,0,1,1000,48,48,20.625,"{""10"": 1, ""15"": 2, ""20"": 35, ""25"": 10}",5891.073909588158,5891.073909588158,28291.315905749798,5290.1462451554835,5803.634855430573,301.01230926811695,nan,nan,nan,nan,nan,nan,nan,nan,nan
ordered_feedback_current,libero_10,0,LIVING_ROOM_SCENE2_put_both_the_alphabet_soup_and_the_tomato_sauce_in_the_basket,344,344,1,0,258,13,13,20.384615384615383,"{""15"": 2, ""20"": 8, ""25"": 3}",1586.9066282175481,1586.9066282175481,12251.635083928704,1428.0404052697122,1561.8831533938646,81.38089859858155,nan,nan,nan,nan,nan,nan,nan,nan,nan
ordered_feedback_history,libero_10,0,LIVING_ROOM_SCENE2_put_both_the_alphabet_soup_and_the_tomato_sauce_in_the_basket,344,344,1,0,258,13,13,20.384615384615383,"{""15"": 2, ""20"": 8, ""25"": 3}",1576.3298911042511,1576.3298911042511,12126.785418950021,1419.1477438434958,1553.6817163228989,82.52615295350552,nan,nan,nan,nan,nan,nan,nan,nan,nan
ordered_feedback_history,libero_10,0,LIVING_ROOM_SCENE2_put_both_the_alphabet_soup_and_the_tomato_sauce_in_the_basket,345,345,1,0,281,14,14,20.0,"{""5"": 1, ""15"": 1, ""20"": 8, ""25"": 4}",1702.3379583843052,1702.3379583843052,12885.696875862777,1526.3345586135983,1677.9607548378408,87.63422910124063,nan,nan,nan,nan,nan,nan,nan,nan,nan
ordered_feedback_current,libero_10,0,LIVING_ROOM_SCENE2_put_both_the_alphabet_soup_and_the_tomato_sauce_in_the_basket,345,345,1,0,281,14,14,20.0,"{""5"": 1, ""15"": 1, ""20"": 8, ""25"": 4}",1718.2816583663225,1718.2816583663225,12751.690021250397,1540.162236429751,1691.636933479458,87.17117784544826,nan,nan,nan,nan,nan,nan,nan,nan,nan
ordered_transformer,libero_10,0,LIVING_ROOM_SCENE2_put_both_the_alphabet_soup_and_the_tomato_sauce_in_the_basket,345,345,1,0,278,14,14,19.642857142857142,"{""10"": 1, ""15"": 2, ""20"": 8, ""25"": 3}",1699.646751396358,1699.646751396358,12021.189518272877,1531.8951006047428,1672.837977297604,90.93322698026896,nan,nan,nan,nan,nan,nan,nan,nan,nan
ordered_transformer,libero_10,1,LIVING_ROOM_SCENE2_put_both_the_cream_cheese_box_and_the_butter_in_the_basket,336,336,1,0,250,24,24,10.0,"{""5"": 15, ""15"": 4, ""20"": 4, ""25"": 1}",2854.701817035675,2854.701817035675,12859.80642074719,2566.3816956803203,2811.786695383489,146.26644551753998,nan,nan,nan,nan,nan,nan,nan,nan,nan
ordered_feedback_current,libero_10,1,LIVING_ROOM_SCENE2_put_both_the_cream_cheese_box_and_the_butter_in_the_basket,336,336,1,0,242,20,20,12.5,"{""5"": 9, ""15"": 4, ""20"": 6, ""25"": 1}",2393.122003879398,2393.122003879398,12506.737160962075,2152.901162393391,2356.1415816657245,122.94337945058942,nan,nan,nan,nan,nan,nan,nan,nan,nan
ordered_feedback_history,libero_10,1,LIVING_ROOM_SCENE2_put_both_the_cream_cheese_box_and_the_butter_in_the_basket,336,336,1,0,241,18,18,13.333333333333334,"{""5"": 7, ""15"": 4, ""20"": 6, ""25"": 1}",2166.5226593613625,2166.5226593613625,12096.22775670141,1944.043337367475,2131.865610834211,109.73092494532466,nan,nan,nan,nan,nan,nan,nan,nan,nan
ordered_feedback_history,libero_10,1,LIVING_ROOM_SCENE2_put_both_the_cream_cheese_box_and_the_butter_in_the_basket,337,337,1,0,256,18,18,14.166666666666666,"{""5"": 7, ""15"": 2, ""20"": 7, ""25"": 2}",2180.012326221913,2180.012326221913,12432.249976787716,1957.2820328176022,2145.452823024243,112.64742584899068,nan,nan,nan,nan,nan,nan,nan,nan,nan
ordered_feedback_current,libero_10,1,LIVING_ROOM_SCENE2_put_both_the_cream_cheese_box_and_the_butter_in_the_basket,337,337,1,0,257,20,20,12.75,"{""5"": 9, ""15"": 3, ""20"": 7, ""25"": 1}",2414.579920936376,2414.579920936376,12682.1676986292,2170.175848994404,2376.5468476340175,122.5232114084065,nan,nan,nan,nan,nan,nan,nan,nan,nan
ordered_transformer,libero_10,1,LIVING_ROOM_SCENE2_put_both_the_cream_cheese_box_and_the_butter_in_the_basket,337,337,1,0,260,20,20,13.0,"{""5"": 8, ""10"": 1, ""15"": 3, ""20"": 7, ""25"": 1}",2374.22365648672,2374.22365648672,12480.357040185481,2142.940701916814,2337.7327024936676,120.4327647574246,nan,nan,nan,nan,nan,nan,nan,nan,nan
ordered_transformer,libero_10,1,LIVING_ROOM_SCENE2_put_both_the_cream_cheese_box_and_the_butter_in_the_basket,338,338,1,0,251,23,23,11.08695652173913,"{""5"": 13, ""15"": 3, ""20"": 6, ""25"": 1}",2759.5019224099815,2759.5019224099815,12747.761253267527,2483.455538749695,2717.1021588146687,140.58174332603812,nan,nan,nan,nan,nan,nan,nan,nan,nan
ordered_feedback_current,libero_10,1,LIVING_ROOM_SCENE2_put_both_the_cream_cheese_box_and_the_butter_in_the_basket,338,338,1,0,293,22,22,13.636363636363637,"{""5"": 10, ""15"": 1, ""20"": 8, ""25"": 3}",2662.6469893381,2662.6469893381,13353.50903077051,2395.8486914634705,2621.4830041863024,137.19202857464552,nan,nan,nan,nan,nan,nan,nan,nan,nan
ordered_feedback_history,libero_10,1,LIVING_ROOM_SCENE2_put_both_the_cream_cheese_box_and_the_butter_in_the_basket,338,338,1,0,252,22,22,11.818181818181818,"{""5"": 12, ""15"": 3, ""20"": 4, ""25"": 3}",2652.1792467683554,2652.1792467683554,12823.801749851555,2391.6712258942425,2612.404123414308,133.20212624967098,nan,nan,nan,nan,nan,nan,nan,nan,nan
ordered_feedback_history,libero_10,1,LIVING_ROOM_SCENE2_put_both_the_cream_cheese_box_and_the_butter_in_the_basket,339,339,1,0,245,18,18,13.055555555555555,"{""5"": 8, ""15"": 3, ""20"": 5, ""25"": 2}",2163.4265636093915,2163.4265636093915,12044.821742922068,1944.2236488685012,2129.810190293938,110.73546065017581,nan,nan,nan,nan,nan,nan,nan,nan,nan
ordered_feedback_current,libero_10,1,LIVING_ROOM_SCENE2_put_both_the_cream_cheese_box_and_the_butter_in_the_basket,339,339,1,0,249,20,20,12.5,"{""5"": 9, ""15"": 4, ""20"": 6, ""25"": 1}",2393.122020177543,2393.122020177543,12410.383980255574,2153.6301765590906,2356.9593355059624,122.26278707385063,nan,nan,nan,nan,nan,nan,nan,nan,nan
ordered_transformer,libero_10,1,LIVING_ROOM_SCENE2_put_both_the_cream_cheese_box_and_the_butter_in_the_basket,339,339,1,0,257,22,22,12.045454545454545,"{""5"": 11, ""15"": 4, ""20"": 5, ""25"": 2}",2646.352471318096,2646.352471318096,12932.20505816862,2380.7350359857082,2606.323874089867,137.57015485316515,nan,nan,nan,nan,nan,nan,nan,nan,nan
ordered_transformer,libero_10,1,LIVING_ROOM_SCENE2_put_both_the_cream_cheese_box_and_the_butter_in_the_basket,340,340,1,0,246,16,16,15.3125,"{""5"": 5, ""15"": 3, ""20"": 5, ""25"": 3}",1923.1599583290517,1923.1599583290517,11949.000657070428,1732.6114811003208,1895.1503722928464,100.88688228279352,nan,nan,nan,nan,nan,nan,nan,nan,nan
ordered_feedback_current,libero_10,1,LIVING_ROOM_SCENE2_put_both_the_cream_cheese_box_and_the_butter_in_the_basket,340,340,1,0,250,20,20,12.0,"{""5"": 11, ""15"": 2, ""20"": 4, ""25"": 3}",2354.4867034070194,2354.4867034070194,12384.490340016782,2120.100597385317,2317.4264980480075,118.04684810340405,nan,nan,nan,nan,nan,nan,nan,nan,nan
ordered_feedback_history,libero_10,1,LIVING_ROOM_SCENE2_put_both_the_cream_cheese_box_and_the_butter_in_the_basket,340,340,1,0,262,20,20,13.0,"{""5"": 10, ""15"": 1, ""20"": 6, ""25"": 3}",2399.6463255025446,2399.6463255025446,12576.381939928979,2160.9101933427155,2362.9638282582164,124.31517988443375,nan,nan,nan,nan,nan,nan,nan,nan,nan
ordered_feedback_history,libero_10,1,LIVING_ROOM_SCENE2_put_both_the_cream_cheese_box_and_the_butter_in_the_basket,341,341,1,0,250,18,18,13.88888888888889,"{""5"": 8, ""15"": 1, ""20"": 6, ""25"": 3}",2129.57847956568,2129.57847956568,12046.466920059174,1916.6915407404304,2099.8933115042746,109.69620198011398,nan,nan,nan,nan,nan,nan,nan,nan,nan
ordered_feedback_current,libero_10,1,LIVING_ROOM_SCENE2_put_both_the_cream_cheese_box_and_the_butter_in_the_basket,341,341,1,0,258,22,22,12.045454545454545,"{""5"": 12, ""15"": 2, ""20"": 5, ""25"": 3}",2403.728963341564,2403.728963341564,12529.97265662998,2195.6302542239428,2366.753923241049,111.87258083373308,nan,nan,nan,nan,nan,nan,nan,nan,nan
ordered_transformer,libero_10,1,LIVING_ROOM_SCENE2_put_both_the_cream_cheese_box_and_the_butter_in_the_basket,341,341,1,0,248,18,18,13.61111111111111,"{""5"": 7, ""15"": 4, ""20"": 5, ""25"": 2}",1904.0446779690683,1904.0446779690683,11865.691822953522,1747.3864131607115,1874.3873303756118,83.41505005955696,nan,nan,nan,nan,nan,nan,nan,nan,nan
ordered_transformer,libero_10,1,LIVING_ROOM_SCENE2_put_both_the_cream_cheese_box_and_the_butter_in_the_basket,342,342,1,0,247,20,20,12.75,"{""5"": 9, ""15"": 4, ""20"": 5, ""25"": 2}",2383.5646673105657,2383.5646673105657,12271.317151840776,2142.2364893369377,2346.373406704515,122.50539939850569,nan,nan,nan,nan,nan,nan,nan,nan,nan
ordered_feedback_current,libero_10,1,LIVING_ROOM_SCENE2_put_both_the_cream_cheese_box_and_the_butter_in_the_basket,342,342,1,0,248,19,19,12.631578947368421,"{""5"": 10, ""15"": 2, ""20"": 3, ""25"": 4}",2262.5824292190373,2262.5824292190373,12255.327714141458,2033.835801295936,2227.425765711814,114.94063166901469,nan,nan,nan,nan,nan,nan,nan,nan,nan
ordered_feedback_history,libero_10,1,LIVING_ROOM_SCENE2_put_both_the_cream_cheese_box_and_the_butter_in_the_basket,342,342,1,0,251,20,20,12.5,"{""5"": 10, ""15"": 2, ""20"": 6, ""25"": 2}",2413.0202713422477,2413.0202713422477,12499.128461815417,2167.3957617022097,2373.8874862901866,122.84776708111167,nan,nan,nan,nan,nan,nan,nan,nan,nan
ordered_feedback_history,libero_10,1,LIVING_ROOM_SCENE2_put_both_the_cream_cheese_box_and_the_butter_in_the_basket,343,343,1,0,250,23,23,10.869565217391305,"{""5"": 14, ""15"": 1, ""20"": 7, ""25"": 1}",2304.693749640137,2304.693749640137,12333.959834184498,2138.852883130312,2273.9516007713974,93.76102546229959,nan,nan,nan,nan,nan,nan,nan,nan,nan
ordered_feedback_current,libero_10,1,LIVING_ROOM_SCENE2_put_both_the_cream_cheese_box_and_the_butter_in_the_basket,343,343,1,0,251,16,16,15.625,"{""5"": 5, ""15"": 2, ""20"": 6, ""25"": 3}",1679.5162903144956,1679.5162903144956,11893.777852877975,1547.5348983891308,1653.7783765234053,74.19203035533428,nan,nan,nan,nan,nan,nan,nan,nan,nan
ordered_transformer,libero_10,1,LIVING_ROOM_SCENE2_put_both_the_cream_cheese_box_and_the_butter_in_the_basket,343,343,1,0,248,19,19,13.421052631578947,"{""5"": 8, ""15"": 4, ""20"": 4, ""25"": 3}",2258.6761876009405,2258.6761876009405,12234.103883616626,2037.516095675528,2227.390887681395,114.57131011411548,nan,nan,nan,nan,nan,nan,nan,nan,nan
ordered_transformer,libero_10,1,LIVING_ROOM_SCENE2_put_both_the_cream_cheese_box_and_the_butter_in_the_basket,344,344,1,0,401,30,30,13.166666666666666,"{""5"": 10, ""15"": 13, ""20"": 5, ""25"": 2}",3225.1335391774774,3225.1335391774774,15859.190679620951,2952.5177092291415,3180.6428730487823,144.45933420211077,nan,nan,nan,nan,nan,nan,nan,nan,nan
ordered_feedback_current,libero_10,1,LIVING_ROOM_SCENE2_put_both_the_cream_cheese_box_and_the_butter_in_the_basket,344,344,1,0,258,21,21,11.904761904761905,"{""5"": 12, ""15"": 2, ""20"": 3, ""25"": 4}",2507.69306672737,2507.69306672737,12709.894919302315,2263.000063598156,2473.776140715927,131.09837332740426,nan,nan,nan,nan,nan,nan,nan,nan,nan
ordered_feedback_history,libero_10,1,LIVING_ROOM_SCENE2_put_both_the_cream_cheese_box_and_the_butter_in_the_basket,344,344,1,0,256,23,23,11.08695652173913,"{""5"": 14, ""15"": 1, ""20"": 6, ""25"": 2}",2728.1959876418114,2728.1959876418114,12726.070625707507,2466.9198426418006,2691.4697750471532,137.79824320226908,nan,nan,nan,nan,nan,nan,nan,nan,nan
ordered_feedback_history,libero_10,1,LIVING_ROOM_SCENE2_put_both_the_cream_cheese_box_and_the_butter_in_the_basket,345,345,1,0,240,18,18,12.777777777777779,"{""5"": 8, ""15"": 4, ""20"": 4, ""25"": 2}",2166.011110879481,2166.011110879481,11886.378894094378,1947.5609981454909,2136.52102323249,113.07730292901397,nan,nan,nan,nan,nan,nan,nan,nan,nan
ordered_feedback_current,libero_10,1,LIVING_ROOM_SCENE2_put_both_the_cream_cheese_box_and_the_butter_in_the_basket,345,345,1,0,242,17,17,14.705882352941176,"{""5"": 6, ""15"": 3, ""20"": 5, ""25"": 3}",2029.4877123087645,2029.4877123087645,11871.405822690576,1827.4347526021302,2001.3624737039208,104.46337051689625,nan,nan,nan,nan,nan,nan,nan,nan,nan
ordered_transformer,libero_10,1,LIVING_ROOM_SCENE2_put_both_the_cream_cheese_box_and_the_butter_in_the_basket,345,345,1,0,245,19,19,13.157894736842104,"{""5"": 8, ""15"": 3, ""20"": 7, ""25"": 1}",2202.34368275851,2202.34368275851,12186.07603898272,1984.2178774997592,2167.5893841311336,106.9543450139463,nan,nan,nan,nan,nan,nan,nan,nan,nan
ordered_transformer,libero_10,2,KITCHEN_SCENE3_turn_on_the_stove_and_put_the_moka_pot_on_it,336,336,0,1,1000,47,47,21.06382978723404,"{""15"": 1, ""20"": 35, ""25"": 11}",5745.770945679396,5745.770945679396,18841.867475770414,5158.434463199228,5653.90897449106,298.4775179065764,nan,nan,nan,nan,nan,nan,nan,nan,nan
ordered_feedback_current,libero_10,2,KITCHEN_SCENE3_turn_on_the_stove_and_put_the_moka_pot_on_it,336,336,1,0,263,12,12,22.916666666666668,"{""20"": 5, ""25"": 7}",1462.3573827557266,1462.3573827557266,7087.0306473225355,1312.9221084527671,1439.5496007055044,77.64179352670908,nan,nan,nan,nan,nan,nan,nan,nan,nan
ordered_feedback_history,libero_10,2,KITCHEN_SCENE3_turn_on_the_stove_and_put_the_moka_pot_on_it,336,336,1,0,264,12,12,22.5,"{""20"": 6, ""25"": 6}",1451.351528055966,1451.351528055966,6948.173360899091,1304.7339208424091,1430.1515966653824,74.39148053526878,nan,nan,nan,nan,nan,nan,nan,nan,nan
ordered_feedback_history,libero_10,2,KITCHEN_SCENE3_turn_on_the_stove_and_put_the_moka_pot_on_it,337,337,1,0,253,11,11,22.272727272727273,"{""20"": 6, ""25"": 5}",1334.38775036484,1334.38775036484,6765.348988119513,1197.813322301954,1314.1698646359146,68.34029033780098,nan,nan,nan,nan,nan,nan,nan,nan,nan
ordered_feedback_current,libero_10,2,KITCHEN_SCENE3_turn_on_the_stove_and_put_the_moka_pot_on_it,337,337,1,0,259,11,11,23.636363636363637,"{""20"": 3, ""25"": 8}",1345.1033281162381,1345.1033281162381,7001.06835924089,1208.1495323218405,1324.2450393736362,70.64926344901323,nan,nan,nan,nan,nan,nan,nan,nan,nan
ordered_transformer,libero_10,2,KITCHEN_SCENE3_turn_on_the_stove_and_put_the_moka_pot_on_it,337,337,1,0,261,11,11,24.09090909090909,"{""20"": 2, ""25"": 9}",1303.7485154345632,1303.7485154345632,6877.181123010814,1173.4922700561583,1284.5564307644963,66.40083389356732,nan,nan,nan,nan,nan,nan,nan,nan,nan
ordered_transformer,libero_10,2,KITCHEN_SCENE3_turn_on_the_stove_and_put_the_moka_pot_on_it,338,338,1,0,259,11,11,24.09090909090909,"{""20"": 2, ""25"": 9}",1337.4192900955677,1337.4192900955677,6952.348469756544,1201.415373943746,1316.3861618377268,68.02766490727663,nan,nan,nan,nan,nan,nan,nan,nan,nan
ordered_feedback_current,libero_10,2,KITCHEN_SCENE3_turn_on_the_stove_and_put_the_moka_pot_on_it,338,338,1,0,256,11,11,23.636363636363637,"{""20"": 3, ""25"": 8}",1344.6425134316087,1344.6425134316087,6888.708443380892,1208.747558761388,1323.832109104842,68.35762411355972,nan,nan,nan,nan,nan,nan,nan,nan,nan
ordered_feedback_history,libero_10,2,KITCHEN_SCENE3_turn_on_the_stove_and_put_the_moka_pot_on_it,338,338,1,0,269,12,12,22.916666666666668,"{""20"": 5, ""25"": 7}",1473.7000283785164,1473.7000283785164,7142.834337893873,1323.3836689032614,1450.561115052551,75.44037001207471,nan,nan,nan,nan,nan,nan,nan,nan,nan
ordered_feedback_history,libero_10,2,KITCHEN_SCENE3_turn_on_the_stove_and_put_the_moka_pot_on_it,339,339,1,0,267,12,12,22.916666666666668,"{""20"": 5, ""25"": 7}",1456.0477989725769,1456.0477989725769,7129.15123719722,1307.2030805051327,1433.2537101581693,74.65086737647653,nan,nan,nan,nan,nan,nan,nan,nan,nan
ordered_feedback_current,libero_10,2,KITCHEN_SCENE3_turn_on_the_stove_and_put_the_moka_pot_on_it,339,339,1,0,276,12,12,22.916666666666668,"{""20"": 5, ""25"": 7}",1477.4829824455082,1477.4829824455082,7224.759209901094,1327.6385595090687,1454.4123033992946,78.7438191473484,nan,nan,nan,nan,nan,nan,nan,nan,nan
ordered_transformer,libero_10,2,KITCHEN_SCENE3_turn_on_the_stove_and_put_the_moka_pot_on_it,339,339,1,0,252,11,11,24.09090909090909,"{""20"": 2, ""25"": 9}",1343.4170261025429,1343.4170261025429,6875.543581787497,1208.7353263050318,1322.4329785443842,69.02717845514417,nan,nan,nan,nan,nan,nan,nan,nan,nan
ordered_transformer,libero_10,2,KITCHEN_SCENE3_turn_on_the_stove_and_put_the_moka_pot_on_it,340,340,1,0,260,11,11,24.09090909090909,"{""20"": 2, ""25"": 9}",1343.7550347298384,1343.7550347298384,6874.129513744265,1202.281917911023,1321.5097221545875,72.24968448281288,nan,nan,nan,nan,nan,nan,nan,nan,nan
ordered_feedback_current,libero_10,2,KITCHEN_SCENE3_turn_on_the_stove_and_put_the_moka_pot_on_it,340,340,1,0,259,11,11,23.636363636363637,"{""20"": 3, ""25"": 8}",1347.1336555667222,1347.1336555667222,6959.745677188039,1204.8168741166592,1324.7749512083828,68.71290225535631,nan,nan,nan,nan,nan,nan,nan,nan,nan
ordered_feedback_history,libero_10,2,KITCHEN_SCENE3_turn_on_the_stove_and_put_the_moka_pot_on_it,340,340,1,0,269,12,12,23.333333333333332,"{""20"": 4, ""25"": 8}",1465.2216057293117,1465.2216057293117,7105.116649065167,1316.7748842388391,1441.934290342033,75.03691175952554,nan,nan,nan,nan,nan,nan,nan,nan,nan
ordered_feedback_history,libero_10,2,KITCHEN_SCENE3_turn_on_the_stove_and_put_the_moka_pot_on_it,341,341,1,0,257,11,11,22.727272727272727,"{""20"": 5, ""25"": 6}",1312.46726680547,1312.46726680547,6997.286628000438,1192.7963900379837,1291.9423608109355,66.5321103297174,nan,nan,nan,nan,nan,nan,nan,nan,nan
ordered_feedback_current,libero_10,2,KITCHEN_SCENE3_turn_on_the_stove_and_put_the_moka_pot_on_it,341,341,1,0,243,10,10,23.5,"{""20"": 3, ""25"": 7}",1221.6283115558326,1221.6283115558326,6714.269920717925,1097.9039617814124,1202.162547968328,63.069995027035475,nan,nan,nan,nan,nan,nan,nan,nan,nan
ordered_transformer,libero_10,2,KITCHEN_SCENE3_turn_on_the_stove_and_put_the_moka_pot_on_it,341,341,1,0,254,11,11,24.09090909090909,"{""20"": 2, ""25"": 9}",1343.02093135193,1343.02093135193,6991.676934063435,1207.9524556174874,1321.8557150103152,68.96301358938217,nan,nan,nan,nan,nan,nan,nan,nan,nan
ordered_transformer,libero_10,2,KITCHEN_SCENE3_turn_on_the_stove_and_put_the_moka_pot_on_it,342,342,1,0,256,11,11,23.181818181818183,"{""15"": 1, ""20"": 2, ""25"": 8}",1334.449791815132,1334.449791815132,6792.73847816512,1195.483352523297,1313.2446147501469,68.22555279359221,nan,nan,nan,nan,nan,nan,nan,nan,nan
ordered_feedback_current,libero_10,2,KITCHEN_SCENE3_turn_on_the_stove_and_put_the_moka_pot_on_it,342,342,1,0,263,12,12,22.916666666666668,"{""20"": 5, ""25"": 7}",1462.1006548404694,1462.1006548404694,7056.692281272262,1313.9865123666823,1439.2360746860504,76.253782492131,nan,nan,nan,nan,nan,nan,nan,nan,nan
ordered_feedback_history,libero_10,2,KITCHEN_SCENE3_turn_on_the_stove_and_put_the_moka_pot_on_it,342,342,1,0,263,12,12,22.916666666666668,"{""20"": 5, ""25"": 7}",1452.9491509310901,1452.9491509310901,7007.982399314642,1308.283245190978,1432.0640447549522,74.23823233693838,nan,nan,nan,nan,nan,nan,nan,nan,nan
ordered_feedback_history,libero_10,2,KITCHEN_SCENE3_turn_on_the_stove_and_put_the_moka_pot_on_it,343,343,1,0,230,10,10,22.5,"{""20"": 5, ""25"": 5}",1208.8667596690357,1208.8667596690357,6372.198132798076,1088.243282865733,1192.1372599899769,61.441811732947826,nan,nan,nan,nan,nan,nan,nan,nan,nan
ordered_feedback_current,libero_10,2,KITCHEN_SCENE3_turn_on_the_stove_and_put_the_moka_pot_on_it,343,343,0,1,1000,46,46,21.52173913043478,"{""15"": 1, ""20"": 30, ""25"": 15}",5560.0680792704225,5560.0680792704225,18910.054055042565,5000.27554994449,5481.311132200062,285.2229760028422,nan,nan,nan,nan,nan,nan,nan,nan,nan
ordered_transformer,libero_10,2,KITCHEN_SCENE3_turn_on_the_stove_and_put_the_moka_pot_on_it,343,343,1,0,240,10,10,24.0,"{""20"": 2, ""25"": 8}",1214.3736947327852,1214.3736947327852,6538.393021095544,1094.9117518030107,1195.6493919715285,61.91163696348667,nan,nan,nan,nan,nan,nan,nan,nan,nan
ordered_transformer,libero_10,2,KITCHEN_SCENE3_turn_on_the_stove_and_put_the_moka_pot_on_it,344,344,1,0,242,10,10,24.0,"{""20"": 2, ""25"": 8}",1226.517090573907,1226.517090573907,6526.996488217264,1103.0715550296009,1207.3391983285546,62.26676842197776,nan,nan,nan,nan,nan,nan,nan,nan,nan
ordered_feedback_current,libero_10,2,KITCHEN_SCENE3_turn_on_the_stove_and_put_the_moka_pot_on_it,344,344,1,0,247,11,11,23.181818181818183,"{""20"": 4, ""25"": 7}",1344.2045184783638,1344.2045184783638,6741.654684767127,1205.185509286821,1322.4648581817746,71.39364769682288,nan,nan,nan,nan,nan,nan,nan,nan,nan
ordered_feedback_history,libero_10,2,KITCHEN_SCENE3_turn_on_the_stove_and_put_the_moka_pot_on_it,344,344,1,0,455,19,19,23.42105263157895,"{""20"": 6, ""25"": 13}",2311.5434385836124,2311.5434385836124,9988.649849779904,2077.5189963169396,2275.491417851299,119.1065302118659,nan,nan,nan,nan,nan,nan,nan,nan,nan
ordered_feedback_history,libero_10,2,KITCHEN_SCENE3_turn_on_the_stove_and_put_the_moka_pot_on_it,345,345,1,0,274,12,12,22.916666666666668,"{""20"": 5, ""25"": 7}",1471.565491054207,1471.565491054207,7321.701457258314,1317.2159511595964,1447.758415248245,74.75460693240166,nan,nan,nan,nan,nan,nan,nan,nan,nan
ordered_feedback_current,libero_10,2,KITCHEN_SCENE3_turn_on_the_stove_and_put_the_moka_pot_on_it,345,345,1,0,271,12,12,22.916666666666668,"{""20"": 5, ""25"": 7}",1470.2579034492373,1470.2579034492373,7255.269643384963,1318.089879117906,1446.573467925191,75.72411326691508,nan,nan,nan,nan,nan,nan,nan,nan,nan
ordered_transformer,libero_10,2,KITCHEN_SCENE3_turn_on_the_stove_and_put_the_moka_pot_on_it,345,345,1,0,256,11,11,24.09090909090909,"{""20"": 2, ""25"": 9}",1346.9437877647579,1346.9437877647579,6936.909410171211,1205.760378856212,1322.4451169371605,68.50868184119463,nan,nan,nan,nan,nan,nan,nan,nan,nan
ordered_transformer,libero_10,3,KITCHEN_SCENE4_put_the_black_bowl_in_the_bottom_drawer_of_the_cabinet_and_close_it,336,336,1,0,241,11,11,23.181818181818183,"{""10"": 1, ""20"": 1, ""25"": 9}",1347.8872394189239,1347.8872394189239,7997.680943924934,1208.7929025292397,1326.0011752136052,69.12946701049805,nan,nan,nan,nan,nan,nan,nan,nan,nan
ordered_feedback_current,libero_10,3,KITCHEN_SCENE4_put_the_black_bowl_in_the_bottom_drawer_of_the_cabinet_and_close_it,336,336,1,0,233,10,10,24.0,"{""20"": 2, ""25"": 8}",1236.733116209507,1236.733116209507,7769.264718052,1106.0768882744014,1215.0032641366124,61.853776685893536,nan,nan,nan,nan,nan,nan,nan,nan,nan
ordered_feedback_history,libero_10,3,KITCHEN_SCENE4_put_the_black_bowl_in_the_bottom_drawer_of_the_cabinet_and_close_it,336,336,1,0,233,10,10,24.0,"{""20"": 2, ""25"": 8}",1220.5445421859622,1220.5445421859622,7635.109993163496,1096.5516483411193,1201.6718029044569,62.304385006427765,nan,nan,nan,nan,nan,nan,nan,nan,nan
ordered_feedback_history,libero_10,3,KITCHEN_SCENE4_put_the_black_bowl_in_the_bottom_drawer_of_the_cabinet_and_close_it,337,337,1,0,227,10,10,23.5,"{""20"": 3, ""25"": 7}",1226.2842375785112,1226.2842375785112,7805.150689091533,1101.354778278619,1206.5686616115272,62.38625105470419,nan,nan,nan,nan,nan,nan,nan,nan,nan
ordered_feedback_current,libero_10,3,KITCHEN_SCENE4_put_the_black_bowl_in_the_bottom_drawer_of_the_cabinet_and_close_it,337,337,1,0,227,10,10,23.5,"{""20"": 3, ""25"": 7}",1207.8064805828035,1207.8064805828035,7717.611635103822,1083.6626985110343,1190.4583545401692,61.88791571184993,nan,nan,nan,nan,nan,nan,nan,nan,nan
ordered_transformer,libero_10,3,KITCHEN_SCENE4_put_the_black_bowl_in_the_bottom_drawer_of_the_cabinet_and_close_it,337,337,1,0,226,10,10,22.0,"{""10"": 1, ""20"": 3, ""25"": 6}",1224.7378188185394,1224.7378188185394,7738.62151382491,1101.5580487437546,1206.5534759312868,62.916016671806574,nan,nan,nan,nan,nan,nan,nan,nan,nan
ordered_transformer,libero_10,3,KITCHEN_SCENE4_put_the_black_bowl_in_the_bottom_drawer_of_the_cabinet_and_close_it,338,338,1,0,232,10,10,24.0,"{""20"": 2, ""25"": 8}",1201.4475772157311,1201.4475772157311,7576.32580306381,1079.3103235773742,1184.4918858259916,61.740417033433914,nan,nan,nan,nan,nan,nan,nan,nan,nan
ordered_feedback_current,libero_10,3,KITCHEN_SCENE4_put_the_black_bowl_in_the_bottom_drawer_of_the_cabinet_and_close_it,338,338,1,0,232,10,10,24.0,"{""20"": 2, ""25"": 8}",1228.0584373511374,1228.0584373511374,7635.536126792431,1103.3540875650942,1210.7527237385511,64.17929148301482,nan,nan,nan,nan,nan,nan,nan,nan,nan
ordered_feedback_history,libero_10,3,KITCHEN_SCENE4_put_the_black_bowl_in_the_bottom_drawer_of_the_cabinet_and_close_it,338,338,1,0,236,12,12,20.0,"{""5"": 2, ""20"": 4, ""25"": 6}",1411.9145604781806,1411.9145604781806,8015.166432131082,1276.900686789304,1392.5747936591506,71.36652106419206,nan,nan,nan,nan,nan,nan,nan,nan,nan
ordered_feedback_history,libero_10,3,KITCHEN_SCENE4_put_the_black_bowl_in_the_bottom_drawer_of_the_cabinet_and_close_it,339,339,0,1,1000,43,43,23.023255813953487,"{""15"": 2, ""20"": 13, ""25"": 28}",5252.824404742569,5252.824404742569,22464.816480875015,4724.078209605068,5170.327746775001,268.02022149786353,nan,nan,nan,nan,nan,nan,nan,nan,nan
ordered_feedback_current,libero_10,3,KITCHEN_SCENE4_put_the_black_bowl_in_the_bottom_drawer_of_the_cabinet_and_close_it,339,339,0,1,1000,42,42,23.571428571428573,"{""15"": 1, ""20"": 10, ""25"": 31}",5150.55693173781,5150.55693173781,22523.469468113035,4624.260358978063,5069.510497618467,265.2274272404611,nan,nan,nan,nan,nan,nan,nan,nan,nan
ordered_transformer,libero_10,3,KITCHEN_SCENE4_put_the_black_bowl_in_the_bottom_drawer_of_the_cabinet_and_close_it,339,339,1,0,249,11,11,22.272727272727273,"{""10"": 1, ""20"": 3, ""25"": 7}",1346.4311016723514,1346.4311016723514,8233.469845727086,1208.1558029167354,1325.5053064785898,69.96694952249527,nan,nan,nan,nan,nan,nan,nan,nan,nan
ordered_transformer,libero_10,3,KITCHEN_SCENE4_put_the_black_bowl_in_the_bottom_drawer_of_the_cabinet_and_close_it,340,340,1,0,215,9,9,23.333333333333332,"{""20"": 3, ""25"": 6}",1102.503812406212,1102.503812406212,7513.215187005699,991.0780489444733,1085.7053105719388,57.081170845776796,nan,nan,nan,nan,nan,nan,nan,nan,nan
ordered_feedback_current,libero_10,3,KITCHEN_SCENE4_put_the_black_bowl_in_the_bottom_drawer_of_the_cabinet_and_close_it,340,340,1,0,229,10,10,23.5,"{""20"": 3, ""25"": 7}",1207.5306829065084,1207.5306829065084,7771.734294947237,1085.3642360307276,1188.6171498335898,61.66051980108023,nan,nan,nan,nan,nan,nan,nan,nan,nan
ordered_feedback_history,libero_10,3,KITCHEN_SCENE4_put_the_black_bowl_in_the_bottom_drawer_of_the_cabinet_and_close_it,340,340,1,0,229,10,10,23.5,"{""20"": 3, ""25"": 7}",1215.1230438612401,1215.1230438612401,7784.764329902828,1090.4290191829205,1195.767566561699,62.29052087292075,nan,nan,nan,nan,nan,nan,nan,nan,nan
ordered_feedback_history,libero_10,3,KITCHEN_SCENE4_put_the_black_bowl_in_the_bottom_drawer_of_the_cabinet_and_close_it,341,341,1,0,222,11,11,20.454545454545453,"{""5"": 2, ""20"": 2, ""25"": 7}",1338.7146345339715,1338.7146345339715,7758.630468975753,1204.9311599694192,1318.941691890359,68.02586512640119,nan,nan,nan,nan,nan,nan,nan,nan,nan
ordered_feedback_current,libero_10,3,KITCHEN_SCENE4_put_the_black_bowl_in_the_bottom_drawer_of_the_cabinet_and_close_it,341,341,1,0,239,10,10,24.0,"{""20"": 2, ""25"": 8}",1207.0648320950568,1207.0648320950568,7756.018797867,1085.9889914281666,1189.8363339714706,61.89418025314808,nan,nan,nan,nan,nan,nan,nan,nan,nan
ordered_transformer,libero_10,3,KITCHEN_SCENE4_put_the_black_bowl_in_the_bottom_drawer_of_the_cabinet_and_close_it,341,341,1,0,239,10,10,24.0,"{""20"": 2, ""25"": 8}",1216.9639351777732,1216.9639351777732,7722.764495294541,1095.575409475714,1200.063044205308,61.11335149034858,nan,nan,nan,nan,nan,nan,nan,nan,nan
ordered_transformer,libero_10,3,KITCHEN_SCENE4_put_the_black_bowl_in_the_bottom_drawer_of_the_cabinet_and_close_it,342,342,1,0,242,11,11,22.727272727272727,"{""10"": 1, ""20"": 2, ""25"": 8}",1334.1971393674612,1334.1971393674612,7918.866761028767,1199.8672988265753,1314.1769962385297,70.08643774315715,nan,nan,nan,nan,nan,nan,nan,nan,nan
ordered_feedback_current,libero_10,3,KITCHEN_SCENE4_put_the_black_bowl_in_the_bottom_drawer_of_the_cabinet_and_close_it,342,342,0,1,1000,73,73,13.561643835616438,"{""5"": 1, ""10"": 53, ""20"": 4, ""25"": 15}",8610.972770489752,8610.972770489752,25253.304458223283,7757.512623909861,8484.78478519246,441.7626797221601,nan,nan,nan,nan,nan,nan,nan,nan,nan
ordered_feedback_history,libero_10,3,KITCHEN_SCENE4_put_the_black_bowl_in_the_bottom_drawer_of_the_cabinet_and_close_it,342,342,1,0,265,13,13,20.76923076923077,"{""5"": 1, ""10"": 1, ""20"": 4, ""25"": 7}",1572.1888109110296,1572.1888109110296,8761.067553889006,1416.1820793524384,1547.565724235028,76.3817336410284,nan,nan,nan,nan,nan,nan,nan,nan,nan
ordered_feedback_history,libero_10,3,KITCHEN_SCENE4_put_the_black_bowl_in_the_bottom_drawer_of_the_cabinet_and_close_it,343,343,1,0,231,10,10,23.5,"{""20"": 3, ""25"": 7}",1232.3045544326305,1232.3045544326305,7904.67689326033,1104.9788449890912,1212.7679735422134,66.3821054622531,nan,nan,nan,nan,nan,nan,nan,nan,nan
ordered_feedback_current,libero_10,3,KITCHEN_SCENE4_put_the_black_bowl_in_the_bottom_drawer_of_the_cabinet_and_close_it,343,343,1,0,229,12,12,19.166666666666668,"{""5"": 2, ""10"": 1, ""15"": 1, ""20"": 1, ""25"": 7}",1439.046632964164,1439.046632964164,7918.566801119596,1291.204479523003,1416.5118839591742,77.81763188540936,nan,nan,nan,nan,nan,nan,nan,nan,nan
ordered_transformer,libero_10,3,KITCHEN_SCENE4_put_the_black_bowl_in_the_bottom_drawer_of_the_cabinet_and_close_it,343,343,1,0,223,11,11,20.90909090909091,"{""5"": 1, ""10"": 1, ""20"": 2, ""25"": 7}",1357.9134279862046,1357.9134279862046,7793.801655992866,1217.5684715621173,1335.0145290605724,70.06833096966147,nan,nan,nan,nan,nan,nan,nan,nan,nan
ordered_transformer,libero_10,3,KITCHEN_SCENE4_put_the_black_bowl_in_the_bottom_drawer_of_the_cabinet_and_close_it,344,344,1,0,237,11,11,22.272727272727273,"{""10"": 1, ""20"": 3, ""25"": 7}",1346.2083544582129,1346.2083544582129,7902.794804889709,1210.8120382763445,1325.918027665466,69.0677473321557,nan,nan,nan,nan,nan,nan,nan,nan,nan
ordered_feedback_current,libero_10,3,KITCHEN_SCENE4_put_the_black_bowl_in_the_bottom_drawer_of_the_cabinet_and_close_it,344,344,1,0,236,10,10,24.0,"{""20"": 2, ""25"": 8}",1227.2226307541132,1227.2226307541132,7646.686160936952,1097.6409600116313,1207.749490160495,62.420648988336325,nan,nan,nan,nan,nan,nan,nan,nan,nan
ordered_feedback_history,libero_10,3,KITCHEN_SCENE4_put_the_black_bowl_in_the_bottom_drawer_of_the_cabinet_and_close_it,344,344,1,0,239,13,13,19.23076923076923,"{""5"": 3, ""20"": 3, ""25"": 7}",1561.3097068853676,1561.3097068853676,8113.171716220677,1401.7730210907757,1536.618965677917,79.81294486671686,nan,nan,nan,nan,nan,nan,nan,nan,nan
ordered_feedback_history,libero_10,3,KITCHEN_SCENE4_put_the_black_bowl_in_the_bottom_drawer_of_the_cabinet_and_close_it,345,345,1,0,244,12,12,19.583333333333332,"{""5"": 2, ""15"": 1, ""20"": 3, ""25"": 6}",1444.894680287689,1444.894680287689,8109.696924220771,1298.629748634994,1421.8182964250445,74.1586210206151,nan,nan,nan,nan,nan,nan,nan,nan,nan
ordered_feedback_current,libero_10,3,KITCHEN_SCENE4_put_the_black_bowl_in_the_bottom_drawer_of_the_cabinet_and_close_it,345,345,1,0,920,40,40,23.125,"{""20"": 15, ""25"": 25}",4864.281652960926,4864.281652960926,20715.800757985562,4367.460825480521,4792.6077749580145,251.71988969668746,nan,nan,nan,nan,nan,nan,nan,nan,nan
ordered_transformer,libero_10,3,KITCHEN_SCENE4_put_the_black_bowl_in_the_bottom_drawer_of_the_cabinet_and_close_it,345,345,1,0,249,13,13,18.846153846153847,"{""5"": 2, ""10"": 2, ""20"": 2, ""25"": 7}",1508.1073427572846,1508.1073427572846,8283.025803044438,1364.6939611062407,1486.1358958296478,76.03711867704988,nan,nan,nan,nan,nan,nan,nan,nan,nan
ordered_transformer,libero_10,4,LIVING_ROOM_SCENE5_put_the_white_mug_on_the_left_plate_and_put_the_yellow_and_white_mug_on_the_right_plate,336,336,1,0,239,11,11,20.90909090909091,"{""15"": 4, ""20"": 1, ""25"": 6}",1336.1463202163577,1336.1463202163577,12108.856993261725,1200.9388697333634,1316.8674502521753,68.03914904594421,nan,nan,nan,nan,nan,nan,nan,nan,nan
ordered_feedback_current,libero_10,4,LIVING_ROOM_SCENE5_put_the_white_mug_on_the_left_plate_and_put_the_yellow_and_white_mug_on_the_right_plate,336,336,1,0,248,12,12,20.0,"{""5"": 1, ""15"": 3, ""20"": 2, ""25"": 6}",1464.6185096353292,1464.6185096353292,12439.062166027725,1315.059358254075,1442.6478780806065,75.50966599956155,nan,nan,nan,nan,nan,nan,nan,nan,nan
ordered_feedback_history,libero_10,4,LIVING_ROOM_SCENE5_put_the_white_mug_on_the_left_plate_and_put_the_yellow_and_white_mug_on_the_right_plate,336,336,1,0,244,13,13,18.46153846153846,"{""5"": 2, ""15"": 3, ""20"": 3, ""25"": 5}",1554.335558321327,1554.335558321327,12983.675067313015,1402.5916303507984,1529.584807343781,78.0638987198472,nan,nan,nan,nan,nan,nan,nan,nan,nan
ordered_feedback_history,libero_10,4,LIVING_ROOM_SCENE5_put_the_white_mug_on_the_left_plate_and_put_the_yellow_and_white_mug_on_the_right_plate,337,337,1,0,246,13,13,18.846153846153847,"{""5"": 1, ""15"": 3, ""20"": 6, ""25"": 3}",1577.5496806018054,1577.5496806018054,12577.299059834331,1426.9540212117136,1553.5445259884,80.77022153884172,nan,nan,nan,nan,nan,nan,nan,nan,nan
ordered_feedback_current,libero_10,4,LIVING_ROOM_SCENE5_put_the_white_mug_on_the_left_plate_and_put_the_yellow_and_white_mug_on_the_right_plate,337,337,1,0,231,11,11,20.454545454545453,"{""5"": 1, ""15"": 2, ""20"": 2, ""25"": 6}",1336.120697669685,1336.120697669685,12473.12790993601,1197.7535295300186,1314.8503745906055,68.38744226843119,nan,nan,nan,nan,nan,nan,nan,nan,nan
ordered_transformer,libero_10,4,LIVING_ROOM_SCENE5_put_the_white_mug_on_the_left_plate_and_put_the_yellow_and_white_mug_on_the_right_plate,337,337,0,1,1000,50,50,19.8,"{""10"": 1, ""15"": 5, ""20"": 39, ""25"": 5}",6002.123981248587,6002.123981248587,27439.196496270597,5396.3937177322805,5906.61351615563,304.74120238795877,nan,nan,nan,nan,nan,nan,nan,nan,nan
ordered_transformer,libero_10,4,LIVING_ROOM_SCENE5_put_the_white_mug_on_the_left_plate_and_put_the_yellow_and_white_mug_on_the_right_plate,338,338,1,0,233,11,11,20.454545454545453,"{""15"": 4, ""20"": 2, ""25"": 5}",1287.3581550084054,1287.3581550084054,12005.268154200166,1161.3573753274977,1266.96658693254,66.01165421307087,nan,nan,nan,nan,nan,nan,nan,nan,nan
ordered_feedback_current,libero_10,4,LIVING_ROOM_SCENE5_put_the_white_mug_on_the_left_plate_and_put_the_yellow_and_white_mug_on_the_right_plate,338,338,0,1,1000,45,45,22.0,"{""5"": 1, ""10"": 1, ""15"": 3, ""20"": 14, ""25"": 26}",5445.1540457084775,5445.1540457084775,26634.61040193215,4890.593562275171,5358.821305911988,279.4026304036379,nan,nan,nan,nan,nan,nan,nan,nan,nan
ordered_feedback_history,libero_10,4,LIVING_ROOM_SCENE5_put_the_white_mug_on_the_left_plate_and_put_the_yellow_and_white_mug_on_the_right_plate,338,338,1,0,240,13,13,18.846153846153847,"{""5"": 2, ""15"": 2, ""20"": 4, ""25"": 5}",1587.0647500269115,1587.0647500269115,12432.273375801742,1427.2613134235144,1562.5742035917938,81.37005055323243,nan,nan,nan,nan,nan,nan,nan,nan,nan
ordered_feedback_history,libero_10,4,LIVING_ROOM_SCENE5_put_the_white_mug_on_the_left_plate_and_put_the_yellow_and_white_mug_on_the_right_plate,339,339,1,0,237,12,12,20.416666666666668,"{""15"": 4, ""20"": 3, ""25"": 5}",1454.510994721204,1454.510994721204,12331.538596656173,1308.73844306916,1431.9964051246643,75.8369849063456,nan,nan,nan,nan,nan,nan,nan,nan,nan
ordered_feedback_current,libero_10,4,LIVING_ROOM_SCENE5_put_the_white_mug_on_the_left_plate_and_put_the_yellow_and_white_mug_on_the_right_plate,339,339,1,0,254,13,13,19.615384615384617,"{""5"": 1, ""15"": 3, ""20"": 4, ""25"": 5}",1586.1290926113725,1586.1290926113725,12813.300505280495,1424.2321588099003,1560.651034116745,81.55122911557555,nan,nan,nan,nan,nan,nan,nan,nan,nan
ordered_transformer,libero_10,4,LIVING_ROOM_SCENE5_put_the_white_mug_on_the_left_plate_and_put_the_yellow_and_white_mug_on_the_right_plate,339,339,1,0,255,12,12,20.416666666666668,"{""15"": 4, ""20"": 3, ""25"": 5}",1462.0141698978841,1462.0141698978841,12615.235050208867,1311.4148187451065,1438.4915810078382,74.70874767750502,nan,nan,nan,nan,nan,nan,nan,nan,nan
ordered_transformer,libero_10,4,LIVING_ROOM_SCENE5_put_the_white_mug_on_the_left_plate_and_put_the_yellow_and_white_mug_on_the_right_plate,340,340,1,0,234,12,12,19.166666666666668,"{""15"": 6, ""20"": 2, ""25"": 4}",1465.7371174544096,1465.7371174544096,12314.70835627988,1316.2973504513502,1444.0888110548258,74.62778873741627,nan,nan,nan,nan,nan,nan,nan,nan,nan
ordered_feedback_current,libero_10,4,LIVING_ROOM_SCENE5_put_the_white_mug_on_the_left_plate_and_put_the_yellow_and_white_mug_on_the_right_plate,340,340,1,0,236,12,12,20.416666666666668,"{""5"": 1, ""15"": 2, ""20"": 3, ""25"": 6}",1457.35391555354,1457.35391555354,12246.961274184287,1310.1995456963778,1433.8864209130406,73.7543823197484,nan,nan,nan,nan,nan,nan,nan,nan,nan
ordered_feedback_history,libero_10,4,LIVING_ROOM_SCENE5_put_the_white_mug_on_the_left_plate_and_put_the_yellow_and_white_mug_on_the_right_plate,340,340,1,0,233,12,12,19.166666666666668,"{""5"": 1, ""15"": 3, ""20"": 4, ""25"": 4}",1452.1920247934759,1452.1920247934759,12438.340479973704,1305.3494757041335,1429.7724762000144,74.69300739467144,nan,nan,nan,nan,nan,nan,nan,nan,nan
ordered_feedback_history,libero_10,4,LIVING_ROOM_SCENE5_put_the_white_mug_on_the_left_plate_and_put_the_yellow_and_white_mug_on_the_right_plate,341,341,1,0,233,12,12,18.75,"{""15"": 5, ""20"": 5, ""25"": 2}",1456.4262707717717,1456.4262707717717,12199.056706391275,1308.288516011089,1435.938848182559,74.79551061987877,nan,nan,nan,nan,nan,nan,nan,nan,nan
ordered_feedback_current,libero_10,4,LIVING_ROOM_SCENE5_put_the_white_mug_on_the_left_plate_and_put_the_yellow_and_white_mug_on_the_right_plate,341,341,1,0,239,12,12,19.583333333333332,"{""5"": 1, ""15"": 2, ""20"": 5, ""25"": 4}",1454.686218407005,1454.686218407005,12331.135620363057,1305.6442723609507,1431.8699287250638,75.20916778594255,nan,nan,nan,nan,nan,nan,nan,nan,nan
ordered_transformer,libero_10,4,LIVING_ROOM_SCENE5_put_the_white_mug_on_the_left_plate_and_put_the_yellow_and_white_mug_on_the_right_plate,341,341,1,0,232,12,12,20.0,"{""15"": 5, ""20"": 2, ""25"": 5}",1468.1654078885913,1468.1654078885913,12299.38732786104,1313.2118759676814,1443.9449105411768,75.32273326069117,nan,nan,nan,nan,nan,nan,nan,nan,nan
ordered_transformer,libero_10,4,LIVING_ROOM_SCENE5_put_the_white_mug_on_the_left_plate_and_put_the_yellow_and_white_mug_on_the_right_plate,342,342,1,0,246,12,12,20.0,"{""15"": 5, ""20"": 2, ""25"": 5}",1471.7355873435736,1471.7355873435736,12686.863293405622,1317.058835644275,1448.0914655141532,74.57890827208757,nan,nan,nan,nan,nan,nan,nan,nan,nan
ordered_feedback_current,libero_10,4,LIVING_ROOM_SCENE5_put_the_white_mug_on_the_left_plate_and_put_the_yellow_and_white_mug_on_the_right_plate,342,342,1,0,248,12,12,20.0,"{""5"": 1, ""15"": 3, ""20"": 2, ""25"": 6}",1480.7555680163205,1480.7555680163205,12940.931658260524,1329.4109869748354,1457.2069784626365,75.01457026228309,nan,nan,nan,nan,nan,nan,nan,nan,nan
ordered_feedback_history,libero_10,4,LIVING_ROOM_SCENE5_put_the_white_mug_on_the_left_plate_and_put_the_yellow_and_white_mug_on_the_right_plate,342,342,1,0,248,13,13,18.846153846153847,"{""5"": 1, ""15"": 5, ""20"": 2, ""25"": 5}",1596.6190523467958,1596.6190523467958,12459.915991872549,1426.254493650049,1572.3943845368922,82.82604394480586,nan,nan,nan,nan,nan,nan,nan,nan,nan
ordered_feedback_history,libero_10,4,LIVING_ROOM_SCENE5_put_the_white_mug_on_the_left_plate_and_put_the_yellow_and_white_mug_on_the_right_plate,343,343,1,0,242,12,12,20.0,"{""15"": 4, ""20"": 4, ""25"": 4}",1456.975155044347,1456.975155044347,12426.952263806015,1308.199152816087,1433.3542077802122,74.37598519027233,nan,nan,nan,nan,nan,nan,nan,nan,nan
ordered_feedback_current,libero_10,4,LIVING_ROOM_SCENE5_put_the_white_mug_on_the_left_plate_and_put_the_yellow_and_white_mug_on_the_right_plate,343,343,1,0,242,12,12,20.416666666666668,"{""15"": 3, ""20"": 5, ""25"": 4}",1472.5635689683259,1472.5635689683259,12306.923007126898,1323.3767775818706,1449.0836700424552,75.06253570318222,nan,nan,nan,nan,nan,nan,nan,nan,nan
ordered_transformer,libero_10,4,LIVING_ROOM_SCENE5_put_the_white_mug_on_the_left_plate_and_put_the_yellow_and_white_mug_on_the_right_plate,343,343,1,0,287,14,14,20.0,"{""15"": 4, ""20"": 6, ""25"": 4}",1721.6239967383444,1721.6239967383444,13281.118603888899,1542.6717847585678,1693.7131942249835,87.2127115726471,nan,nan,nan,nan,nan,nan,nan,nan,nan
ordered_transformer,libero_10,4,LIVING_ROOM_SCENE5_put_the_white_mug_on_the_left_plate_and_put_the_yellow_and_white_mug_on_the_right_plate,344,344,1,0,234,12,12,19.583333333333332,"{""5"": 1, ""15"": 3, ""20"": 3, ""25"": 5}",1466.1372071132064,1466.1372071132064,12394.330731127411,1316.1848420277238,1443.2089440524578,73.98681668564677,nan,nan,nan,nan,nan,nan,nan,nan,nan
ordered_feedback_current,libero_10,4,LIVING_ROOM_SCENE5_put_the_white_mug_on_the_left_plate_and_put_the_yellow_and_white_mug_on_the_right_plate,344,344,1,0,236,12,12,20.416666666666668,"{""5"": 1, ""15"": 2, ""20"": 3, ""25"": 6}",1446.8404026702046,1446.8404026702046,12416.805398184806,1297.422201372683,1423.27339341864,73.8981612958014,nan,nan,nan,nan,nan,nan,nan,nan,nan
ordered_feedback_history,libero_10,4,LIVING_ROOM_SCENE5_put_the_white_mug_on_the_left_plate_and_put_the_yellow_and_white_mug_on_the_right_plate,344,344,1,0,236,12,12,19.166666666666668,"{""5"": 1, ""15"": 4, ""20"": 2, ""25"": 5}",1498.1026537716389,1498.1026537716389,12521.428547799587,1341.057302430272,1471.3185927830637,76.03844720870256,nan,nan,nan,nan,nan,nan,nan,nan,nan
ordered_feedback_history,libero_10,4,LIVING_ROOM_SCENE5_put_the_white_mug_on_the_left_plate_and_put_the_yellow_and_white_mug_on_the_right_plate,345,345,1,0,249,12,12,20.833333333333332,"{""15"": 3, ""20"": 4, ""25"": 5}",1495.0676318258047,1495.0676318258047,12389.06350871548,1339.6800300106406,1471.4699136093259,79.14259470999241,nan,nan,nan,nan,nan,nan,nan,nan,nan
ordered_feedback_current,libero_10,4,LIVING_ROOM_SCENE5_put_the_white_mug_on_the_left_plate_and_put_the_yellow_and_white_mug_on_the_right_plate,345,345,1,0,243,11,11,21.363636363636363,"{""15"": 2, ""20"": 4, ""25"": 5}",1346.0672101937234,1346.0672101937234,12449.9087119475,1204.827653709799,1323.7443598918617,68.65889392793179,nan,nan,nan,nan,nan,nan,nan,nan,nan
ordered_transformer,libero_10,4,LIVING_ROOM_SCENE5_put_the_white_mug_on_the_left_plate_and_put_the_yellow_and_white_mug_on_the_right_plate,345,345,1,0,248,12,12,20.416666666666668,"{""15"": 4, ""20"": 3, ""25"": 5}",1459.664758760482,1459.664758760482,12836.238278076053,1309.8764405585825,1437.4655992724001,74.19789861887693,nan,nan,nan,nan,nan,nan,nan,nan,nan
ordered_transformer,libero_10,5,STUDY_SCENE1_pick_up_the_book_and_place_it_in_the_back_compartment_of_the_caddy,336,336,1,0,177,7,7,24.285714285714285,"{""20"": 1, ""25"": 6}",850.5968027748168,850.5968027748168,6786.9690749794245,763.488061260432,837.3220842331648,45.396826695650816,nan,nan,nan,nan,nan,nan,nan,nan,nan
ordered_feedback_current,libero_10,5,STUDY_SCENE1_pick_up_the_book_and_place_it_in_the_back_compartment_of_the_caddy,336,336,1,0,177,7,7,24.285714285714285,"{""20"": 1, ""25"": 6}",853.4479751251638,853.4479751251638,6707.015137188137,764.8756769485772,840.1512303389609,43.644212651997805,nan,nan,nan,nan,nan,nan,nan,nan,nan
ordered_feedback_history,libero_10,5,STUDY_SCENE1_pick_up_the_book_and_place_it_in_the_back_compartment_of_the_caddy,336,336,1,0,165,7,7,22.857142857142858,"{""20"": 3, ""25"": 4}",860.6429593637586,860.6429593637586,6619.608762208372,771.0450026206672,846.7352855950594,45.0176321901381,nan,nan,nan,nan,nan,nan,nan,nan,nan
ordered_feedback_history,libero_10,5,STUDY_SCENE1_pick_up_the_book_and_place_it_in_the_back_compartment_of_the_caddy,337,337,1,0,184,8,8,21.875,"{""20"": 5, ""25"": 3}",963.9770328067243,963.9770328067243,6933.698527049273,863.8798957690597,947.9447198100388,49.27340196445584,nan,nan,nan,nan,nan,nan,nan,nan,nan
ordered_feedback_current,libero_10,5,STUDY_SCENE1_pick_up_the_book_and_place_it_in_the_back_compartment_of_the_caddy,337,337,1,0,176,8,8,23.125,"{""20"": 3, ""25"": 5}",979.2201817035675,979.2201817035675,6791.311763692647,877.5422838516533,963.4353402070701,49.882331397384405,nan,nan,nan,nan,nan,nan,nan,nan,nan
ordered_transformer,libero_10,5,STUDY_SCENE1_pick_up_the_book_and_place_it_in_the_back_compartment_of_the_caddy,337,337,1,0,176,8,8,23.75,"{""20"": 2, ""25"": 6}",966.8608484789729,966.8608484789729,6811.945303808898,868.5605330392718,951.6037050634623,49.52623415738344,nan,nan,nan,nan,nan,nan,nan,nan,nan
ordered_transformer,libero_10,5,STUDY_SCENE1_pick_up_the_book_and_place_it_in_the_back_compartment_of_the_caddy,338,338,0,1,1000,40,40,24.75,"{""20"": 2, ""25"": 38}",4873.121560551226,4873.121560551226,18931.885248050094,4375.64640911296,4797.1237022429705,251.90868554636836,nan,nan,nan,nan,nan,nan,nan,nan,nan
ordered_feedback_current,libero_10,5,STUDY_SCENE1_pick_up_the_book_and_place_it_in_the_back_compartment_of_the_caddy,338,338,0,1,1000,48,48,20.625,"{""5"": 9, ""20"": 6, ""25"": 33}",5790.419955737889,5790.419955737889,19754.620956256986,5217.34879212454,5704.700637143105,293.9818874001503,nan,nan,nan,nan,nan,nan,nan,nan,nan
ordered_feedback_history,libero_10,5,STUDY_SCENE1_pick_up_the_book_and_place_it_in_the_back_compartment_of_the_caddy,338,338,0,1,1000,42,42,23.571428571428573,"{""15"": 1, ""20"": 10, ""25"": 31}",5154.951082076877,5154.951082076877,19712.876319885254,4623.075637966394,5071.854459587485,271.68947039172053,nan,nan,nan,nan,nan,nan,nan,nan,nan
ordered_feedback_history,libero_10,5,STUDY_SCENE1_pick_up_the_book_and_place_it_in_the_back_compartment_of_the_caddy,339,339,1,0,176,8,8,21.25,"{""10"": 1, ""20"": 3, ""25"": 4}",966.5866806171834,966.5866806171834,6833.700822200626,866.2525643594563,951.7514170147479,49.412384163588285,nan,nan,nan,nan,nan,nan,nan,nan,nan
ordered_feedback_current,libero_10,5,STUDY_SCENE1_pick_up_the_book_and_place_it_in_the_back_compartment_of_the_caddy,339,339,1,0,175,7,7,23.571428571428573,"{""20"": 2, ""25"": 5}",851.7873152159154,851.7873152159154,6737.964367028326,765.0143313221633,839.2713204957545,43.75168448314071,nan,nan,nan,nan,nan,nan,nan,nan,nan
ordered_transformer,libero_10,5,STUDY_SCENE1_pick_up_the_book_and_place_it_in_the_back_compartment_of_the_caddy,339,339,1,0,175,7,7,23.571428571428573,"{""20"": 2, ""25"": 5}",846.407420001924,846.407420001924,6735.431346111,759.7362706437707,833.2862509414554,44.24866754561663,nan,nan,nan,nan,nan,nan,nan,nan,nan
ordered_transformer,libero_10,5,STUDY_SCENE1_pick_up_the_book_and_place_it_in_the_back_compartment_of_the_caddy,340,340,0,1,1000,41,41,24.146341463414632,"{""5"": 1, ""20"": 3, ""25"": 37}",4804.044018499553,4804.044018499553,18848.99971075356,4354.994812980294,4729.512962978333,254.38398774713278,nan,nan,nan,nan,nan,nan,nan,nan,nan
ordered_feedback_current,libero_10,5,STUDY_SCENE1_pick_up_the_book_and_place_it_in_the_back_compartment_of_the_caddy,340,340,0,1,1000,43,43,23.023255813953487,"{""15"": 1, ""20"": 15, ""25"": 27}",5000.114526133984,5000.114526133984,19167.842768132687,4519.048343878239,4918.318457901478,265.6241809017956,nan,nan,nan,nan,nan,nan,nan,nan,nan
ordered_feedback_history,libero_10,5,STUDY_SCENE1_pick_up_the_book_and_place_it_in_the_back_compartment_of_the_caddy,340,340,0,1,1000,51,51,19.41176470588235,"{""5"": 8, ""20"": 25, ""25"": 18}",5560.421722941101,5560.421722941101,19862.774595152587,5079.250962473452,5471.6685730963945,280.4966648109257,nan,nan,nan,nan,nan,nan,nan,nan,nan
ordered_feedback_history,libero_10,5,STUDY_SCENE1_pick_up_the_book_and_place_it_in_the_back_compartment_of_the_caddy,341,341,1,0,170,7,7,22.857142857142858,"{""20"": 3, ""25"": 4}",832.2402704507113,832.2402704507113,6641.452166251838,751.6346327029169,817.4713458865881,44.249072670936584,nan,nan,nan,nan,nan,nan,nan,nan,nan
ordered_feedback_current,libero_10,5,STUDY_SCENE1_pick_up_the_book_and_place_it_in_the_back_compartment_of_the_caddy,341,341,1,0,170,7,7,23.571428571428573,"{""20"": 2, ""25"": 5}",865.5677787028253,865.5677787028253,6679.064664058387,776.5944502316415,850.4708060063422,44.366233982145786,nan,nan,nan,nan,nan,nan,nan,nan,nan
ordered_transformer,libero_10,5,STUDY_SCENE1_pick_up_the_book_and_place_it_in_the_back_compartment_of_the_caddy,341,341,1,0,170,7,7,23.571428571428573,"{""20"": 2, ""25"": 5}",854.6459940262139,854.6459940262139,6704.641364980489,768.3674804866314,842.4622844904661,43.574579525738955,nan,nan,nan,nan,nan,nan,nan,nan,nan
ordered_transformer,libero_10,5,STUDY_SCENE1_pick_up_the_book_and_place_it_in_the_back_compartment_of_the_caddy,342,342,0,1,1000,47,47,21.06382978723404,"{""15"": 1, ""20"": 35, ""25"": 11}",5633.520060684532,5633.520060684532,20479.797028936446,5073.936334811151,5555.792811792344,288.72345108538866,nan,nan,nan,nan,nan,nan,nan,nan,nan
ordered_feedback_current,libero_10,5,STUDY_SCENE1_pick_up_the_book_and_place_it_in_the_back_compartment_of_the_caddy,342,342,0,1,1000,41,41,24.146341463414632,"{""20"": 7, ""25"": 34}",4920.524030458182,4920.524030458182,19687.79935594648,4424.415790941566,4850.021247752011,252.17230385169387,nan,nan,nan,nan,nan,nan,nan,nan,nan
ordered_feedback_history,libero_10,5,STUDY_SCENE1_pick_up_the_book_and_place_it_in_the_back_compartment_of_the_caddy,342,342,0,1,1000,41,41,24.146341463414632,"{""10"": 1, ""20"": 4, ""25"": 36}",4969.489620067179,4969.489620067179,19802.406531758606,4465.911436825991,4897.9913596995175,256.1301668174565,nan,nan,nan,nan,nan,nan,nan,nan,nan
ordered_feedback_history,libero_10,5,STUDY_SCENE1_pick_up_the_book_and_place_it_in_the_back_compartment_of_the_caddy,343,343,1,0,190,8,8,23.125,"{""20"": 3, ""25"": 5}",974.1813968867064,974.1813968867064,7063.520702067763,876.1279485188425,960.3199805133045,49.707185942679644,nan,nan,nan,nan,nan,nan,nan,nan,nan
ordered_feedback_current,libero_10,5,STUDY_SCENE1_pick_up_the_book_and_place_it_in_the_back_compartment_of_the_caddy,343,343,1,0,182,8,8,23.75,"{""20"": 2, ""25"": 6}",973.6539488658309,973.6539488658309,6874.807158019394,875.2749185077846,960.0224904716015,51.127799320966005,nan,nan,nan,nan,nan,nan,nan,nan,nan
ordered_transformer,libero_10,5,STUDY_SCENE1_pick_up_the_book_and_place_it_in_the_back_compartment_of_the_caddy,343,343,1,0,182,8,8,23.75,"{""20"": 2, ""25"": 6}",982.674605678767,982.674605678767,6940.233136992902,880.0046662800014,968.2436124421656,49.98951451852918,nan,nan,nan,nan,nan,nan,nan,nan,nan
ordered_transformer,libero_10,5,STUDY_SCENE1_pick_up_the_book_and_place_it_in_the_back_compartment_of_the_caddy,344,344,1,0,189,8,8,23.75,"{""20"": 2, ""25"": 6}",976.3750182464719,976.3750182464719,6882.55726499483,877.6221349835396,962.6115937717259,50.069056916981936,nan,nan,nan,nan,nan,nan,nan,nan,nan
ordered_feedback_current,libero_10,5,STUDY_SCENE1_pick_up_the_book_and_place_it_in_the_back_compartment_of_the_caddy,344,344,1,0,189,8,8,23.125,"{""20"": 3, ""25"": 5}",978.6188784055412,978.6188784055412,6901.9669676199555,878.9662960916758,964.969645254314,50.621194299310446,nan,nan,nan,nan,nan,nan,nan,nan,nan
ordered_feedback_history,libero_10,5,STUDY_SCENE1_pick_up_the_book_and_place_it_in_the_back_compartment_of_the_caddy,344,344,1,0,204,12,12,16.25,"{""5"": 5, ""20"": 1, ""25"": 6}",1430.7729369029403,1430.7729369029403,7584.617238026112,1288.897864986211,1410.9072973951697,74.66208981350064,nan,nan,nan,nan,nan,nan,nan,nan,nan
ordered_feedback_history,libero_10,5,STUDY_SCENE1_pick_up_the_book_and_place_it_in_the_back_compartment_of_the_caddy,345,345,1,0,183,8,8,23.75,"{""20"": 2, ""25"": 6}",987.1208951808512,987.1208951808512,7058.974435087293,889.6882724948227,971.523059066385,50.59935199096799,nan,nan,nan,nan,nan,nan,nan,nan,nan
ordered_feedback_current,libero_10,5,STUDY_SCENE1_pick_up_the_book_and_place_it_in_the_back_compartment_of_the_caddy,345,345,1,0,183,8,8,23.75,"{""20"": 2, ""25"": 6}",975.2960721962154,975.2960721962154,6989.721741061658,874.5422381907701,960.1912973448634,50.51744822412729,nan,nan,nan,nan,nan,nan,nan,nan,nan
ordered_transformer,libero_10,5,STUDY_SCENE1_pick_up_the_book_and_place_it_in_the_back_compartment_of_the_caddy,345,345,1,0,183,8,8,24.375,"{""20"": 1, ""25"": 7}",984.1215624473989,984.1215624473989,7054.035144858062,886.0842352733016,969.0184532664716,49.97963644564152,nan,nan,nan,nan,nan,nan,nan,nan,nan
ordered_transformer,libero_10,6,LIVING_ROOM_SCENE6_put_the_white_mug_on_the_plate_and_put_the_chocolate_pudding_to_the_right_of_the_plate,336,336,1,0,219,11,11,20.454545454545453,"{""15"": 2, ""20"": 6, ""25"": 3}",1337.1101515367627,1337.1101515367627,9822.713655885309,1198.1961042620242,1315.9057940356433,68.33201041445136,nan,nan,nan,nan,nan,nan,nan,nan,nan
ordered_feedback_current,libero_10,6,LIVING_ROOM_SCENE6_put_the_white_mug_on_the_plate_and_put_the_chocolate_pudding_to_the_right_of_the_plate,336,336,1,0,251,13,13,19.615384615384617,"{""5"": 1, ""15"": 1, ""20"": 8, ""25"": 3}",1565.282552037388,1565.282552037388,10289.534761104733,1406.3767432235181,1540.9964732825756,79.90063913166523,nan,nan,nan,nan,nan,nan,nan,nan,nan
ordered_feedback_history,libero_10,6,LIVING_ROOM_SCENE6_put_the_white_mug_on_the_plate_and_put_the_chocolate_pudding_to_the_right_of_the_plate,336,336,1,0,219,11,11,19.545454545454547,"{""5"": 1, ""15"": 1, ""20"": 6, ""25"": 3}",1292.3964271321893,1292.3964271321893,9670.20920291543,1165.748261846602,1272.090857848525,66.47562561556697,nan,nan,nan,nan,nan,nan,nan,nan,nan
ordered_feedback_history,libero_10,6,LIVING_ROOM_SCENE6_put_the_white_mug_on_the_plate_and_put_the_chocolate_pudding_to_the_right_of_the_plate,337,337,1,0,244,11,11,21.363636363636363,"{""20"": 8, ""25"": 3}",1341.8470141477883,1341.8470141477883,9996.298213955015,1202.7433081530035,1320.90317690745,69.09638131037354,nan,nan,nan,nan,nan,nan,nan,nan,nan
ordered_feedback_current,libero_10,6,LIVING_ROOM_SCENE6_put_the_white_mug_on_the_plate_and_put_the_chocolate_pudding_to_the_right_of_the_plate,337,337,1,0,244,11,11,21.363636363636363,"{""20"": 8, ""25"": 3}",1348.2080795802176,1348.2080795802176,9931.963499635458,1210.304376669228,1326.9059779122472,68.73285723850131,nan,nan,nan,nan,nan,nan,nan,nan,nan
ordered_transformer,libero_10,6,LIVING_ROOM_SCENE6_put_the_white_mug_on_the_plate_and_put_the_chocolate_pudding_to_the_right_of_the_plate,337,337,1,0,251,12,12,20.833333333333332,"{""15"": 2, ""20"": 6, ""25"": 4}",1454.866735264659,1454.866735264659,10086.36971609667,1304.8465959727764,1432.2515637613833,75.18914667889476,nan,nan,nan,nan,nan,nan,nan,nan,nan
ordered_transformer,libero_10,6,LIVING_ROOM_SCENE6_put_the_white_mug_on_the_plate_and_put_the_chocolate_pudding_to_the_right_of_the_plate,338,338,1,0,214,11,11,20.0,"{""15"": 2, ""20"": 7, ""25"": 2}",1350.318749435246,1350.318749435246,9548.325328156352,1210.6454889290035,1328.2924215309322,73.9444550126791,nan,nan,nan,nan,nan,nan,nan,nan,nan
ordered_feedback_current,libero_10,6,LIVING_ROOM_SCENE6_put_the_white_mug_on_the_plate_and_put_the_chocolate_pudding_to_the_right_of_the_plate,338,338,1,0,239,12,12,20.416666666666668,"{""15"": 2, ""20"": 7, ""25"": 3}",1458.7769689969718,1458.7769689969718,9925.02231290564,1310.4452542029321,1438.052065204829,75.0967189669609,nan,nan,nan,nan,nan,nan,nan,nan,nan
ordered_feedback_history,libero_10,6,LIVING_ROOM_SCENE6_put_the_white_mug_on_the_plate_and_put_the_chocolate_pudding_to_the_right_of_the_plate,338,338,1,0,274,14,14,19.285714285714285,"{""5"": 1, ""15"": 1, ""20"": 10, ""25"": 2}",1652.244205120951,1652.244205120951,10814.417253714055,1493.9237600192428,1628.0724736861885,84.95400287210941,nan,nan,nan,nan,nan,nan,nan,nan,nan
ordered_feedback_history,libero_10,6,LIVING_ROOM_SCENE6_put_the_white_mug_on_the_plate_and_put_the_chocolate_pudding_to_the_right_of_the_plate,339,339,0,1,1000,113,113,8.761061946902656,"{""5"": 86, ""10"": 1, ""15"": 1, ""20"": 18, ""25"": 7}",13052.713979501277,13052.713979501277,32901.81346097961,11822.880437597632,12857.877437956631,657.6266554184258,nan,nan,nan,nan,nan,nan,nan,nan,nan
ordered_feedback_current,libero_10,6,LIVING_ROOM_SCENE6_put_the_white_mug_on_the_plate_and_put_the_chocolate_pudding_to_the_right_of_the_plate,339,339,1,0,232,11,11,20.90909090909091,"{""15"": 2, ""20"": 5, ""25"": 4}",1327.3393544368446,1327.3393544368446,9834.868728648871,1192.116470541805,1306.255454197526,67.9017910733819,nan,nan,nan,nan,nan,nan,nan,nan,nan
ordered_transformer,libero_10,6,LIVING_ROOM_SCENE6_put_the_white_mug_on_the_plate_and_put_the_chocolate_pudding_to_the_right_of_the_plate,339,339,1,0,232,11,11,20.90909090909091,"{""15"": 2, ""20"": 5, ""25"": 4}",1343.4523805044591,1343.4523805044591,9828.110137023032,1206.690373364836,1323.0133196339011,68.29637382179499,nan,nan,nan,nan,nan,nan,nan,nan,nan
ordered_transformer,libero_10,6,LIVING_ROOM_SCENE6_put_the_white_mug_on_the_plate_and_put_the_chocolate_pudding_to_the_right_of_the_plate,340,340,1,0,311,16,16,20.0,"{""15"": 3, ""20"": 10, ""25"": 3}",1927.1373650990427,1927.1373650990427,11575.398996006697,1737.7263586968184,1898.8079908303916,96.84708621352911,nan,nan,nan,nan,nan,nan,nan,nan,nan
ordered_feedback_current,libero_10,6,LIVING_ROOM_SCENE6_put_the_white_mug_on_the_plate_and_put_the_chocolate_pudding_to_the_right_of_the_plate,340,340,1,0,209,10,10,20.5,"{""15"": 1, ""20"": 7, ""25"": 2}",1221.1830602027476,1221.1830602027476,9326.148987282068,1096.2530793622136,1202.5719960220158,61.24523933976889,nan,nan,nan,nan,nan,nan,nan,nan,nan
ordered_feedback_history,libero_10,6,LIVING_ROOM_SCENE6_put_the_white_mug_on_the_plate_and_put_the_chocolate_pudding_to_the_right_of_the_plate,340,340,1,0,210,10,10,21.0,"{""20"": 8, ""25"": 2}",1218.3488202281296,1218.3488202281296,9372.657087165862,1092.4865207634866,1199.0987928584218,63.292255625128746,nan,nan,nan,nan,nan,nan,nan,nan,nan
ordered_feedback_history,libero_10,6,LIVING_ROOM_SCENE6_put_the_white_mug_on_the_plate_and_put_the_chocolate_pudding_to_the_right_of_the_plate,341,341,1,0,229,11,11,20.0,"{""5"": 1, ""20"": 7, ""25"": 3}",1350.3792439587414,1350.3792439587414,9774.50833003968,1214.7477003745735,1329.4005570933223,69.95677296072245,nan,nan,nan,nan,nan,nan,nan,nan,nan
ordered_feedback_current,libero_10,6,LIVING_ROOM_SCENE6_put_the_white_mug_on_the_plate_and_put_the_chocolate_pudding_to_the_right_of_the_plate,341,341,0,1,1000,110,110,9.0,"{""5"": 81, ""15"": 3, ""20"": 22, ""25"": 4}",12835.03463352099,12835.03463352099,31104.20482279733,11576.084052212536,12636.948104482144,647.4966686218977,nan,nan,nan,nan,nan,nan,nan,nan,nan
ordered_transformer,libero_10,6,LIVING_ROOM_SCENE6_put_the_white_mug_on_the_plate_and_put_the_chocolate_pudding_to_the_right_of_the_plate,341,341,1,0,347,17,17,20.0,"{""15"": 4, ""20"": 9, ""25"": 4}",2053.725441917777,2053.725441917777,12171.18187667802,1839.7691491991282,2020.3646318987012,105.18948920071125,nan,nan,nan,nan,nan,nan,nan,nan,nan
ordered_transformer,libero_10,6,LIVING_ROOM_SCENE6_put_the_white_mug_on_the_plate_and_put_the_chocolate_pudding_to_the_right_of_the_plate,342,342,1,0,248,12,12,20.833333333333332,"{""15"": 2, ""20"": 6, ""25"": 4}",1438.994737342,1438.994737342,9912.242750171572,1294.6219500154257,1419.177355710417,73.36462941020727,nan,nan,nan,nan,nan,nan,nan,nan,nan
ordered_feedback_current,libero_10,6,LIVING_ROOM_SCENE6_put_the_white_mug_on_the_plate_and_put_the_chocolate_pudding_to_the_right_of_the_plate,342,342,1,0,236,12,12,19.583333333333332,"{""5"": 1, ""15"": 2, ""20"": 5, ""25"": 4}",1465.4694944620132,1465.4694944620132,9838.359579443932,1313.9505335129797,1443.00299230963,77.13977294042706,nan,nan,nan,nan,nan,nan,nan,nan,nan
ordered_feedback_history,libero_10,6,LIVING_ROOM_SCENE6_put_the_white_mug_on_the_plate_and_put_the_chocolate_pudding_to_the_right_of_the_plate,342,342,1,0,379,21,21,17.61904761904762,"{""5"": 4, ""15"": 2, ""20"": 11, ""25"": 4}",2528.170295059681,2528.170295059681,12961.645840201527,2272.982668597251,2486.8436246179044,132.52228125929832,nan,nan,nan,nan,nan,nan,nan,nan,nan
ordered_feedback_history,libero_10,6,LIVING_ROOM_SCENE6_put_the_white_mug_on_the_plate_and_put_the_chocolate_pudding_to_the_right_of_the_plate,343,343,1,0,237,13,13,18.846153846153847,"{""5"": 2, ""20"": 8, ""25"": 3}",1586.250293534249,1586.250293534249,10314.66423207894,1425.7568856701255,1560.969766229391,83.91019282862544,nan,nan,nan,nan,nan,nan,nan,nan,nan
ordered_feedback_current,libero_10,6,LIVING_ROOM_SCENE6_put_the_white_mug_on_the_plate_and_put_the_chocolate_pudding_to_the_right_of_the_plate,343,343,1,0,244,13,13,18.846153846153847,"{""5"": 2, ""15"": 1, ""20"": 6, ""25"": 4}",1575.8278938010335,1575.8278938010335,10223.429692909122,1421.8441480770707,1552.7544124051929,78.82825657725334,nan,nan,nan,nan,nan,nan,nan,nan,nan
ordered_transformer,libero_10,6,LIVING_ROOM_SCENE6_put_the_white_mug_on_the_plate_and_put_the_chocolate_pudding_to_the_right_of_the_plate,343,343,1,0,232,13,13,18.46153846153846,"{""5"": 1, ""10"": 2, ""15"": 1, ""20"": 5, ""25"": 4}",1563.1527556106448,1563.1527556106448,10145.812136121094,1398.8864095881581,1538.2625344209373,79.97673563659191,nan,nan,nan,nan,nan,nan,nan,nan,nan
ordered_transformer,libero_10,6,LIVING_ROOM_SCENE6_put_the_white_mug_on_the_plate_and_put_the_chocolate_pudding_to_the_right_of_the_plate,344,344,1,0,221,11,11,20.90909090909091,"{""15"": 2, ""20"": 5, ""25"": 4}",1328.5289369523525,1328.5289369523525,9803.391376044601,1192.0260889455676,1307.655499316752,68.24960233643651,nan,nan,nan,nan,nan,nan,nan,nan,nan
ordered_feedback_current,libero_10,6,LIVING_ROOM_SCENE6_put_the_white_mug_on_the_plate_and_put_the_chocolate_pudding_to_the_right_of_the_plate,344,344,1,0,242,12,12,20.833333333333332,"{""20"": 10, ""25"": 2}",1464.251235127449,1464.251235127449,10049.01164676994,1312.6354520209134,1440.333770122379,74.93575196713209,nan,nan,nan,nan,nan,nan,nan,nan,nan
ordered_feedback_history,libero_10,6,LIVING_ROOM_SCENE6_put_the_white_mug_on_the_plate_and_put_the_chocolate_pudding_to_the_right_of_the_plate,344,344,1,0,242,12,12,20.833333333333332,"{""20"": 10, ""25"": 2}",1479.0640575811267,1479.0640575811267,10267.492446582764,1325.2307698130608,1454.853994306177,77.52817496657372,nan,nan,nan,nan,nan,nan,nan,nan,nan
ordered_feedback_history,libero_10,6,LIVING_ROOM_SCENE6_put_the_white_mug_on_the_plate_and_put_the_chocolate_pudding_to_the_right_of_the_plate,345,345,1,0,220,10,10,21.5,"{""20"": 7, ""25"": 3}",1224.6090108528733,1224.6090108528733,9700.296433642507,1096.4929978363216,1203.7262707017362,62.272580806165934,nan,nan,nan,nan,nan,nan,nan,nan,nan
ordered_feedback_current,libero_10,6,LIVING_ROOM_SCENE6_put_the_white_mug_on_the_plate_and_put_the_chocolate_pudding_to_the_right_of_the_plate,345,345,1,0,219,10,10,22.0,"{""20"": 6, ""25"": 4}",1222.031141165644,1222.031141165644,9619.098235853016,1096.8840345740318,1204.5890837907791,63.92983766272664,nan,nan,nan,nan,nan,nan,nan,nan,nan
ordered_transformer,libero_10,6,LIVING_ROOM_SCENE6_put_the_white_mug_on_the_plate_and_put_the_chocolate_pudding_to_the_right_of_the_plate,345,345,1,0,227,11,11,20.90909090909091,"{""15"": 2, ""20"": 5, ""25"": 4}",1334.1874787583947,1334.1874787583947,9619.30627701804,1197.6759037934244,1313.5653301142156,67.17597087845206,nan,nan,nan,nan,nan,nan,nan,nan,nan
ordered_transformer,libero_10,7,LIVING_ROOM_SCENE1_put_both_the_alphabet_soup_and_the_cream_cheese_box_in_the_basket,336,336,1,0,262,14,14,18.571428571428573,"{""10"": 1, ""15"": 5, ""20"": 5, ""25"": 3}",1706.4841692335904,1706.4841692335904,9587.814616039395,1531.610970851034,1680.0500927492976,89.90219188854098,nan,nan,nan,nan,nan,nan,nan,nan,nan
ordered_feedback_current,libero_10,7,LIVING_ROOM_SCENE1_put_both_the_alphabet_soup_and_the_cream_cheese_box_in_the_basket,336,336,1,0,266,16,16,16.25,"{""5"": 3, ""10"": 2, ""15"": 2, ""20"": 6, ""25"": 3}",1915.4047560878098,1915.4047560878098,9846.462190616876,1722.308345604688,1885.884003713727,97.57752390578389,nan,nan,nan,nan,nan,nan,nan,nan,nan
ordered_feedback_history,libero_10,7,LIVING_ROOM_SCENE1_put_both_the_alphabet_soup_and_the_cream_cheese_box_in_the_basket,336,336,1,0,275,17,17,15.882352941176471,"{""5"": 6, ""15"": 1, ""20"": 5, ""25"": 5}",2026.999184396118,2026.999184396118,10202.406724914908,1826.1388554237783,1995.6898745149374,103.5244595259428,nan,nan,nan,nan,nan,nan,nan,nan,nan
ordered_feedback_history,libero_10,7,LIVING_ROOM_SCENE1_put_both_the_alphabet_soup_and_the_cream_cheese_box_in_the_basket,337,337,1,0,253,16,16,15.625,"{""5"": 4, ""10"": 1, ""15"": 3, ""20"": 5, ""25"": 3}",1912.3810334131122,1912.3810334131122,9752.0528039895,1716.6868103668094,1882.707352284342,100.48295045271516,nan,nan,nan,nan,nan,nan,nan,nan,nan
ordered_feedback_current,libero_10,7,LIVING_ROOM_SCENE1_put_both_the_alphabet_soup_and_the_cream_cheese_box_in_the_basket,337,337,1,0,255,15,15,16.666666666666668,"{""5"": 4, ""15"": 2, ""20"": 5, ""25"": 4}",1788.951043970883,1788.951043970883,9653.827079571784,1604.6088295988739,1761.1282081343234,93.01259554922581,nan,nan,nan,nan,nan,nan,nan,nan,nan
ordered_transformer,libero_10,7,LIVING_ROOM_SCENE1_put_both_the_alphabet_soup_and_the_cream_cheese_box_in_the_basket,337,337,1,0,276,17,17,16.470588235294116,"{""5"": 3, ""10"": 1, ""15"": 4, ""20"": 6, ""25"": 3}",2057.275386992842,2057.275386992842,10208.942061290145,1845.6772780045867,2025.2220598049462,109.26049156114459,nan,nan,nan,nan,nan,nan,nan,nan,nan
ordered_transformer,libero_10,7,LIVING_ROOM_SCENE1_put_both_the_alphabet_soup_and_the_cream_cheese_box_in_the_basket,338,338,1,0,330,17,17,19.41176470588235,"{""5"": 1, ""15"": 3, ""20"": 9, ""25"": 4}",2063.91162564978,2063.91162564978,10949.898470658809,1852.7982300147414,2031.0376323759556,106.9681947119534,nan,nan,nan,nan,nan,nan,nan,nan,nan
ordered_feedback_current,libero_10,7,LIVING_ROOM_SCENE1_put_both_the_alphabet_soup_and_the_cream_cheese_box_in_the_basket,338,338,1,0,342,20,20,17.25,"{""5"": 4, ""15"": 2, ""20"": 11, ""25"": 3}",2444.520375225693,2444.520375225693,11535.434912890196,2194.6724681183696,2406.21898509562,125.44107204303145,nan,nan,nan,nan,nan,nan,nan,nan,nan
ordered_feedback_history,libero_10,7,LIVING_ROOM_SCENE1_put_both_the_alphabet_soup_and_the_cream_cheese_box_in_the_basket,338,338,1,0,365,22,22,16.818181818181817,"{""5"": 6, ""10"": 1, ""15"": 1, ""20"": 7, ""25"": 7}",2649.215718265623,2649.215718265623,12064.579205121845,2381.1903507448733,2602.4809079244733,132.4141090735793,nan,nan,nan,nan,nan,nan,nan,nan,nan
ordered_feedback_history,libero_10,7,LIVING_ROOM_SCENE1_put_both_the_alphabet_soup_and_the_cream_cheese_box_in_the_basket,339,339,1,0,261,15,15,17.0,"{""5"": 3, ""15"": 3, ""20"": 6, ""25"": 3}",1822.4738384597003,1822.4738384597003,9951.780284754932,1640.3175215236843,1794.9609514325857,92.74051198735833,nan,nan,nan,nan,nan,nan,nan,nan,nan
ordered_feedback_current,libero_10,7,LIVING_ROOM_SCENE1_put_both_the_alphabet_soup_and_the_cream_cheese_box_in_the_basket,339,339,1,0,272,15,15,18.0,"{""5"": 2, ""10"": 1, ""15"": 3, ""20"": 4, ""25"": 5}",1808.7108158506453,1808.7108158506453,9960.141826886684,1625.2246629446745,1783.143405802548,92.71324193105102,nan,nan,nan,nan,nan,nan,nan,nan,nan
ordered_transformer,libero_10,7,LIVING_ROOM_SCENE1_put_both_the_alphabet_soup_and_the_cream_cheese_box_in_the_basket,339,339,0,1,1000,53,53,18.67924528301887,"{""5"": 3, ""15"": 13, ""20"": 29, ""25"": 8}",6446.488325484097,6446.488325484097,24162.293563596904,5792.532926425338,6347.066157031804,330.90738765895367,nan,nan,nan,nan,nan,nan,nan,nan,nan
ordered_transformer,libero_10,7,LIVING_ROOM_SCENE1_put_both_the_alphabet_soup_and_the_cream_cheese_box_in_the_basket,340,340,1,0,249,13,13,19.23076923076923,"{""5"": 1, ""15"": 2, ""20"": 7, ""25"": 3}",1572.2436727955937,1572.2436727955937,9619.223865214735,1410.9310563653708,1547.830323688686,81.2947265803814,nan,nan,nan,nan,nan,nan,nan,nan,nan
ordered_feedback_current,libero_10,7,LIVING_ROOM_SCENE1_put_both_the_alphabet_soup_and_the_cream_cheese_box_in_the_basket,340,340,1,0,283,17,17,16.470588235294116,"{""5"": 3, ""15"": 5, ""20"": 7, ""25"": 2}",2062.5010384246707,2062.5010384246707,10600.899538956583,1855.3278036415577,2031.467662192881,109.0083783492446,nan,nan,nan,nan,nan,nan,nan,nan,nan
ordered_feedback_history,libero_10,7,LIVING_ROOM_SCENE1_put_both_the_alphabet_soup_and_the_cream_cheese_box_in_the_basket,340,340,1,0,271,17,17,16.176470588235293,"{""5"": 4, ""10"": 1, ""15"": 3, ""20"": 5, ""25"": 4}",2072.4003966897726,2072.4003966897726,10485.243730712682,1862.4510690569878,2041.0570963285863,105.67076038569212,nan,nan,nan,nan,nan,nan,nan,nan,nan
ordered_feedback_history,libero_10,7,LIVING_ROOM_SCENE1_put_both_the_alphabet_soup_and_the_cream_cheese_box_in_the_basket,341,341,1,0,311,19,19,17.105263157894736,"{""5"": 5, ""15"": 3, ""20"": 4, ""25"": 7}",2267.510713543743,2267.510713543743,10723.779671825469,2047.279213089496,2235.988338943571,117.85025941208005,nan,nan,nan,nan,nan,nan,nan,nan,nan
ordered_feedback_current,libero_10,7,LIVING_ROOM_SCENE1_put_both_the_alphabet_soup_and_the_cream_cheese_box_in_the_basket,341,341,1,0,256,16,16,15.9375,"{""5"": 4, ""15"": 3, ""20"": 7, ""25"": 2}",1950.6836575455964,1950.6836575455964,9835.721045732498,1750.5833241157234,1918.7244032509625,101.29074659198523,nan,nan,nan,nan,nan,nan,nan,nan,nan
ordered_transformer,libero_10,7,LIVING_ROOM_SCENE1_put_both_the_alphabet_soup_and_the_cream_cheese_box_in_the_basket,341,341,1,0,259,13,13,20.0,"{""15"": 3, ""20"": 7, ""25"": 3}",1606.6615884192288,1606.6615884192288,9522.791719995439,1445.8222300745547,1582.2131149470806,84.01573449373245,nan,nan,nan,nan,nan,nan,nan,nan,nan
ordered_transformer,libero_10,7,LIVING_ROOM_SCENE1_put_both_the_alphabet_soup_and_the_cream_cheese_box_in_the_basket,342,342,1,0,277,16,16,17.1875,"{""5"": 3, ""15"": 3, ""20"": 7, ""25"": 3}",1962.2129709459841,1962.2129709459841,10191.845458932221,1764.5108290016651,1934.1162601485848,102.32106037437916,nan,nan,nan,nan,nan,nan,nan,nan,nan
ordered_feedback_current,libero_10,7,LIVING_ROOM_SCENE1_put_both_the_alphabet_soup_and_the_cream_cheese_box_in_the_basket,342,342,1,0,284,16,16,17.8125,"{""5"": 4, ""15"": 1, ""20"": 5, ""25"": 6}",1954.9971912056208,1954.9971912056208,10462.722464930266,1755.8363559655845,1926.2237339280546,100.73832795023918,nan,nan,nan,nan,nan,nan,nan,nan,nan
ordered_feedback_history,libero_10,7,LIVING_ROOM_SCENE1_put_both_the_alphabet_soup_and_the_cream_cheese_box_in_the_basket,342,342,1,0,272,18,18,14.722222222222221,"{""5"": 8, ""20"": 5, ""25"": 5}",2143.2435545139015,2143.2435545139015,10231.548755895346,1932.042804080993,2111.7238495498896,112.14516824111342,nan,nan,nan,nan,nan,nan,nan,nan,nan
ordered_feedback_history,libero_10,7,LIVING_ROOM_SCENE1_put_both_the_alphabet_soup_and_the_cream_cheese_box_in_the_basket,343,343,1,0,252,13,13,19.615384615384617,"{""5"": 1, ""15"": 2, ""20"": 6, ""25"": 4}",1578.326512593776,1578.326512593776,9460.89867502451,1420.3960332088172,1554.798275232315,82.50999031588435,nan,nan,nan,nan,nan,nan,nan,nan,nan
ordered_feedback_current,libero_10,7,LIVING_ROOM_SCENE1_put_both_the_alphabet_soup_and_the_cream_cheese_box_in_the_basket,343,343,1,0,246,13,13,18.846153846153847,"{""5"": 1, ""10"": 1, ""15"": 1, ""20"": 7, ""25"": 3}",1572.4791246466339,1572.4791246466339,9345.556555315852,1413.667411543429,1547.6067713461816,80.30250249430537,nan,nan,nan,nan,nan,nan,nan,nan,nan
ordered_transformer,libero_10,7,LIVING_ROOM_SCENE1_put_both_the_alphabet_soup_and_the_cream_cheese_box_in_the_basket,343,343,1,0,258,15,15,16.666666666666668,"{""5"": 3, ""15"": 4, ""20"": 5, ""25"": 3}",1782.5299142859876,1782.5299142859876,9837.1542962268,1601.6439897939563,1753.9769550785422,91.22799104079604,nan,nan,nan,nan,nan,nan,nan,nan,nan
ordered_transformer,libero_10,7,LIVING_ROOM_SCENE1_put_both_the_alphabet_soup_and_the_cream_cheese_box_in_the_basket,344,344,1,0,244,15,15,15.666666666666666,"{""5"": 3, ""10"": 2, ""15"": 2, ""20"": 6, ""25"": 2}",1812.5211419537663,1812.5211419537663,9675.303831230849,1629.5239217579365,1783.920789603144,93.05231180042028,nan,nan,nan,nan,nan,nan,nan,nan,nan
ordered_feedback_current,libero_10,7,LIVING_ROOM_SCENE1_put_both_the_alphabet_soup_and_the_cream_cheese_box_in_the_basket,344,344,1,0,242,14,14,16.785714285714285,"{""5"": 3, ""10"": 1, ""15"": 1, ""20"": 6, ""25"": 3}",1675.9818391874433,1675.9818391874433,9512.182348873466,1509.867602493614,1651.1813797987998,86.22937416657805,nan,nan,nan,nan,nan,nan,nan,nan,nan
ordered_feedback_history,libero_10,7,LIVING_ROOM_SCENE1_put_both_the_alphabet_soup_and_the_cream_cheese_box_in_the_basket,344,344,1,0,259,15,15,16.666666666666668,"{""5"": 3, ""10"": 1, ""15"": 3, ""20"": 4, ""25"": 4}",1788.9373335056007,1788.9373335056007,9896.694586146623,1609.222510829568,1761.8525479920208,90.46752378344536,nan,nan,nan,nan,nan,nan,nan,nan,nan
ordered_feedback_history,libero_10,7,LIVING_ROOM_SCENE1_put_both_the_alphabet_soup_and_the_cream_cheese_box_in_the_basket,345,345,1,0,259,15,15,17.333333333333332,"{""5"": 3, ""15"": 2, ""20"": 7, ""25"": 3}",1811.8210835382342,1811.8210835382342,9953.838166315109,1628.2281577587128,1783.9625589549541,91.7836632579565,nan,nan,nan,nan,nan,nan,nan,nan,nan
ordered_feedback_current,libero_10,7,LIVING_ROOM_SCENE1_put_both_the_alphabet_soup_and_the_cream_cheese_box_in_the_basket,345,345,1,0,263,16,16,15.9375,"{""5"": 4, ""10"": 1, ""15"": 2, ""20"": 6, ""25"": 3}",1929.2063885368407,1929.2063885368407,10263.034677132964,1734.253456350416,1898.6986633390188,97.29921398684382,nan,nan,nan,nan,nan,nan,nan,nan,nan
ordered_transformer,libero_10,7,LIVING_ROOM_SCENE1_put_both_the_alphabet_soup_and_the_cream_cheese_box_in_the_basket,345,345,1,0,249,15,15,16.666666666666668,"{""5"": 3, ""15"": 4, ""20"": 5, ""25"": 3}",1810.3728755377233,1810.3728755377233,9902.70019788295,1629.2171655222774,1782.8369354829192,93.73020008206367,nan,nan,nan,nan,nan,nan,nan,nan,nan
ordered_transformer,libero_10,8,KITCHEN_SCENE8_put_both_moka_pots_on_the_stove,336,336,1,0,389,16,16,24.0625,"{""15"": 1, ""20"": 1, ""25"": 14}",1968.3764418587089,1968.3764418587089,9637.320547830313,1766.5980719029903,1937.3350362293422,99.90245290100574,nan,nan,nan,nan,nan,nan,nan,nan,nan
ordered_feedback_current,libero_10,8,KITCHEN_SCENE8_put_both_moka_pots_on_the_stove,336,336,1,0,370,16,16,23.4375,"{""10"": 1, ""15"": 1, ""25"": 14}",1946.5717673301697,1946.5717673301697,9161.784544121474,1747.2426085732877,1914.0706434845924,100.57805944234133,nan,nan,nan,nan,nan,nan,nan,nan,nan
ordered_feedback_history,libero_10,8,KITCHEN_SCENE8_put_both_moka_pots_on_the_stove,336,336,1,0,369,16,16,23.4375,"{""10"": 1, ""15"": 1, ""25"": 14}",1933.7821789085865,1933.7821789085865,9219.007031992078,1735.8402167446911,1903.7652132101357,100.2528634853661,nan,nan,nan,nan,nan,nan,nan,nan,nan
ordered_feedback_history,libero_10,8,KITCHEN_SCENE8_put_both_moka_pots_on_the_stove,337,337,1,0,389,17,17,23.529411764705884,"{""10"": 1, ""20"": 2, ""25"": 14}",2075.649773236364,2075.649773236364,9612.969086971134,1864.2707751132548,2042.0868201181293,108.32969332113862,nan,nan,nan,nan,nan,nan,nan,nan,nan
ordered_feedback_current,libero_10,8,KITCHEN_SCENE8_put_both_moka_pots_on_the_stove,337,337,1,0,376,16,16,23.4375,"{""10"": 1, ""20"": 2, ""25"": 13}",1956.4705709926784,1956.4705709926784,9410.8213968575,1757.3923161253333,1925.8030415512621,99.29283708333969,nan,nan,nan,nan,nan,nan,nan,nan,nan
ordered_transformer,libero_10,8,KITCHEN_SCENE8_put_both_moka_pots_on_the_stove,337,337,1,0,380,16,16,24.0625,"{""20"": 3, ""25"": 13}",1947.8206769563258,1947.8206769563258,9345.550425350666,1749.2418345063925,1917.6435563713312,100.29288893565536,nan,nan,nan,nan,nan,nan,nan,nan,nan
ordered_transformer,libero_10,8,KITCHEN_SCENE8_put_both_moka_pots_on_the_stove,338,338,1,0,388,16,16,24.375,"{""20"": 2, ""25"": 14}",1958.0692630261183,1958.0692630261183,9459.749415051192,1756.021001841873,1926.5601388178766,100.65119480714202,nan,nan,nan,nan,nan,nan,nan,nan,nan
ordered_feedback_current,libero_10,8,KITCHEN_SCENE8_put_both_moka_pots_on_the_stove,338,338,1,0,381,17,17,23.235294117647058,"{""10"": 2, ""25"": 15}",2045.439223293215,2045.439223293215,9378.78908123821,1841.9406446628273,2014.0309585258365,108.49522100761533,nan,nan,nan,nan,nan,nan,nan,nan,nan
ordered_feedback_history,libero_10,8,KITCHEN_SCENE8_put_both_moka_pots_on_the_stove,338,338,0,1,1000,41,41,24.146341463414632,"{""10"": 2, ""20"": 1, ""25"": 38}",4903.253897093236,4903.253897093236,20342.026017140597,4412.948586046696,4827.512377407402,247.25585151463747,nan,nan,nan,nan,nan,nan,nan,nan,nan
ordered_feedback_history,libero_10,8,KITCHEN_SCENE8_put_both_moka_pots_on_the_stove,339,339,1,0,370,16,16,23.4375,"{""10"": 1, ""15"": 1, ""25"": 14}",1942.054697778076,1942.054697778076,9210.069966968149,1746.1605756543577,1910.3299300186336,101.96022083982825,nan,nan,nan,nan,nan,nan,nan,nan,nan
ordered_feedback_current,libero_10,8,KITCHEN_SCENE8_put_both_moka_pots_on_the_stove,339,339,1,0,370,16,16,23.4375,"{""10"": 1, ""15"": 1, ""25"": 14}",1962.4208994209766,1962.4208994209766,9282.3933577165,1768.3388283476233,1931.862992234528,101.17722349241376,nan,nan,nan,nan,nan,nan,nan,nan,nan
ordered_transformer,libero_10,8,KITCHEN_SCENE8_put_both_moka_pots_on_the_stove,339,339,1,0,390,16,16,24.6875,"{""20"": 1, ""25"": 15}",1966.951391659677,1966.951391659677,9577.958236914128,1763.4043651632965,1936.394018586725,99.72410229966044,nan,nan,nan,nan,nan,nan,nan,nan,nan
ordered_transformer,libero_10,8,KITCHEN_SCENE8_put_both_moka_pots_on_the_stove,340,340,1,0,380,16,16,24.0625,"{""15"": 1, ""20"": 1, ""25"": 14}",1932.1578475646675,1932.1578475646675,9358.117678202689,1735.1724705658853,1901.259089820087,98.25613582506776,nan,nan,nan,nan,nan,nan,nan,nan,nan
ordered_feedback_current,libero_10,8,KITCHEN_SCENE8_put_both_moka_pots_on_the_stove,340,340,1,0,388,17,17,23.529411764705884,"{""10"": 1, ""15"": 1, ""25"": 15}",2046.0813459940255,2046.0813459940255,9554.19328296557,1838.508352637291,2012.924414128065,101.1520316824317,nan,nan,nan,nan,nan,nan,nan,nan,nan
ordered_feedback_history,libero_10,8,KITCHEN_SCENE8_put_both_moka_pots_on_the_stove,340,340,1,0,389,17,17,23.235294117647058,"{""10"": 1, ""15"": 1, ""20"": 1, ""25"": 14}",2053.7661011330783,2053.7661011330783,9515.973977278918,1849.9679192900658,2023.5466482117772,104.5579113997519,nan,nan,nan,nan,nan,nan,nan,nan,nan
ordered_feedback_history,libero_10,8,KITCHEN_SCENE8_put_both_moka_pots_on_the_stove,341,341,1,0,380,16,16,24.0625,"{""20"": 3, ""25"": 13}",1918.0836384184659,1918.0836384184659,9271.82031609118,1725.6834437139332,1886.8896421045065,99.1797186434269,nan,nan,nan,nan,nan,nan,nan,nan,nan
ordered_feedback_current,libero_10,8,KITCHEN_SCENE8_put_both_moka_pots_on_the_stove,341,341,1,0,383,16,16,23.75,"{""10"": 1, ""20"": 1, ""25"": 14}",1944.947482086718,1944.947482086718,9346.617597620934,1749.5168093591928,1915.13144178316,101.93616664037108,nan,nan,nan,nan,nan,nan,nan,nan,nan
ordered_transformer,libero_10,8,KITCHEN_SCENE8_put_both_moka_pots_on_the_stove,341,341,1,0,362,15,15,23.666666666666668,"{""15"": 1, ""20"": 2, ""25"": 12}",1826.4022339135408,1826.4022339135408,8994.780585635453,1643.4322646819055,1800.2714957110584,93.04702281951904,nan,nan,nan,nan,nan,nan,nan,nan,nan
ordered_transformer,libero_10,8,KITCHEN_SCENE8_put_both_moka_pots_on_the_stove,342,342,1,0,398,18,18,22.77777777777778,"{""15"": 1, ""20"": 6, ""25"": 11}",2186.943234875798,2186.943234875798,9877.868356183171,1964.518923778087,2152.841148432344,112.59608715772629,nan,nan,nan,nan,nan,nan,nan,nan,nan
ordered_feedback_current,libero_10,8,KITCHEN_SCENE8_put_both_moka_pots_on_the_stove,342,342,1,0,481,20,20,24.0,"{""10"": 1, ""20"": 1, ""25"": 18}",2449.839298147708,2449.839298147708,11312.055334914476,2200.51155006513,2410.7867530547082,125.04755659028888,nan,nan,nan,nan,nan,nan,nan,nan,nan
ordered_feedback_history,libero_10,8,KITCHEN_SCENE8_put_both_moka_pots_on_the_stove,342,342,1,0,485,21,21,23.095238095238095,"{""10"": 2, ""20"": 2, ""25"": 17}",2546.642887406051,2546.642887406051,11479.35044625774,2288.1433530710638,2507.0714708417654,127.39501520991325,nan,nan,nan,nan,nan,nan,nan,nan,nan
ordered_feedback_history,libero_10,8,KITCHEN_SCENE8_put_both_moka_pots_on_the_stove,343,343,0,1,1000,41,41,24.146341463414632,"{""20"": 7, ""25"": 34}",5031.974988989532,5031.974988989532,20030.144572257996,4523.986902553588,4952.949269674718,256.6723804920912,nan,nan,nan,nan,nan,nan,nan,nan,nan
ordered_feedback_current,libero_10,8,KITCHEN_SCENE8_put_both_moka_pots_on_the_stove,343,343,1,0,388,16,16,24.0625,"{""10"": 1, ""25"": 15}",1953.0951702035964,1953.0951702035964,9426.515334285796,1762.1493013575673,1922.641642857343,98.65542175248265,nan,nan,nan,nan,nan,nan,nan,nan,nan
ordered_transformer,libero_10,8,KITCHEN_SCENE8_put_both_moka_pots_on_the_stove,343,343,1,0,546,24,24,22.916666666666668,"{""10"": 2, ""15"": 1, ""20"": 2, ""25"": 19}",2900.8066528476775,2900.8066528476775,12259.38730686903,2612.448448780924,2860.080769751221,150.39583342149854,nan,nan,nan,nan,nan,nan,nan,nan,nan
ordered_transformer,libero_10,8,KITCHEN_SCENE8_put_both_moka_pots_on_the_stove,344,344,1,0,387,16,16,23.75,"{""20"": 4, ""25"": 12}",1937.3255935497582,1937.3255935497582,9512.118834070861,1740.9909744746983,1906.9335903041065,99.94094353169203,nan,nan,nan,nan,nan,nan,nan,nan,nan
ordered_feedback_current,libero_10,8,KITCHEN_SCENE8_put_both_moka_pots_on_the_stove,344,344,1,0,498,20,20,24.5,"{""20"": 2, ""25"": 18}",2390.5051769688725,2390.5051769688725,11344.781022984535,2156.1994520016015,2353.2001078128815,120.05135603249073,nan,nan,nan,nan,nan,nan,nan,nan,nan
ordered_feedback_history,libero_10,8,KITCHEN_SCENE8_put_both_moka_pots_on_the_stove,344,344,1,0,496,20,20,24.5,"{""20"": 2, ""25"": 18}",2440.6941290944815,2440.6941290944815,11329.00296524167,2190.0334716774523,2403.411931823939,122.74218862876296,nan,nan,nan,nan,nan,nan,nan,nan,nan
ordered_feedback_history,libero_10,8,KITCHEN_SCENE8_put_both_moka_pots_on_the_stove,345,345,1,0,386,16,16,24.0625,"{""10"": 1, ""25"": 15}",1925.590646918863,1925.590646918863,9389.550069347024,1729.751451406628,1894.9878383427858,98.05632894858718,nan,nan,nan,nan,nan,nan,nan,nan,nan
ordered_feedback_current,libero_10,8,KITCHEN_SCENE8_put_both_moka_pots_on_the_stove,345,345,1,0,386,16,16,24.0625,"{""10"": 1, ""25"": 15}",1951.9505454227328,1951.9505454227328,9416.98667500168,1750.3279820084572,1920.6859464757144,102.37299092113972,nan,nan,nan,nan,nan,nan,nan,nan,nan
ordered_transformer,libero_10,8,KITCHEN_SCENE8_put_both_moka_pots_on_the_stove,345,345,1,0,468,21,21,22.142857142857142,"{""15"": 2, ""20"": 8, ""25"": 11}",2530.492436606437,2530.492436606437,10951.407017186284,2273.9732419140637,2492.539999540895,130.3646843880415,nan,nan,nan,nan,nan,nan,nan,nan,nan
ordered_transformer,libero_10,9,KITCHEN_SCENE6_put_the_yellow_and_white_mug_in_the_microwave_and_close_it,336,336,1,0,259,15,15,18.0,"{""5"": 3, ""10"": 2, ""20"": 3, ""25"": 7}",1793.7243315391243,1793.7243315391243,9312.686721328646,1616.249772720039,1764.4940516911447,91.45165607333183,nan,nan,nan,nan,nan,nan,nan,nan,nan
ordered_feedback_current,libero_10,9,KITCHEN_SCENE6_put_the_yellow_and_white_mug_in_the_microwave_and_close_it,336,336,1,0,259,15,15,18.0,"{""5"": 4, ""10"": 1, ""20"": 2, ""25"": 8}",1826.8352299928665,1826.8352299928665,9303.074413910508,1639.4398836418986,1798.8141938112676,93.58632704243064,nan,nan,nan,nan,nan,nan,nan,nan,nan
ordered_feedback_history,libero_10,9,KITCHEN_SCENE6_put_the_yellow_and_white_mug_in_the_microwave_and_close_it,336,336,1,0,254,15,15,17.333333333333332,"{""5"": 4, ""10"": 1, ""20"": 4, ""25"": 6}",1820.6314416602254,1820.6314416602254,9258.762113749981,1637.49336078763,1792.5062673166394,92.94425137341022,nan,nan,nan,nan,nan,nan,nan,nan,nan
ordered_feedback_history,libero_10,9,KITCHEN_SCENE6_put_the_yellow_and_white_mug_in_the_microwave_and_close_it,337,337,1,0,303,15,15,19.666666666666668,"{""5"": 3, ""20"": 4, ""25"": 8}",1806.4931468106806,1806.4931468106806,9852.280169259757,1621.5639049187303,1778.2342149876058,92.1732117421925,nan,nan,nan,nan,nan,nan,nan,nan,nan
ordered_feedback_current,libero_10,9,KITCHEN_SCENE6_put_the_yellow_and_white_mug_in_the_microwave_and_close_it,337,337,1,0,268,13,13,20.0,"{""5"": 3, ""20"": 1, ""25"": 9}",1546.5163388289511,1546.5163388289511,8980.783823877573,1391.759518533945,1522.9697544127703,77.69191963598132,nan,nan,nan,nan,nan,nan,nan,nan,nan
ordered_transformer,libero_10,9,KITCHEN_SCENE6_put_the_yellow_and_white_mug_in_the_microwave_and_close_it,337,337,1,0,267,12,12,23.333333333333332,"{""10"": 1, ""20"": 1, ""25"": 10}",1470.1714906841516,1470.1714906841516,8828.791129868478,1314.640794415027,1445.4804235138,74.63401462882757,nan,nan,nan,nan,nan,nan,nan,nan,nan
ordered_transformer,libero_10,9,KITCHEN_SCENE6_put_the_yellow_and_white_mug_in_the_microwave_and_close_it,338,338,1,0,536,26,26,21.153846153846153,"{""5"": 2, ""10"": 1, ""20"": 9, ""25"": 14}",3156.9051793776453,3156.9051793776453,13892.190489917994,2833.9769137091935,3108.178579248488,165.60529312118888,nan,nan,nan,nan,nan,nan,nan,nan,nan
ordered_feedback_current,libero_10,9,KITCHEN_SCENE6_put_the_yellow_and_white_mug_in_the_microwave_and_close_it,338,338,1,0,384,19,19,20.263157894736842,"{""5"": 3, ""20"": 6, ""25"": 10}",2298.385293688625,2298.385293688625,11253.59776429832,2067.564517259598,2261.972425505519,116.75528669729829,nan,nan,nan,nan,nan,nan,nan,nan,nan
ordered_feedback_history,libero_10,9,KITCHEN_SCENE6_put_the_yellow_and_white_mug_in_the_microwave_and_close_it,338,338,1,0,241,13,13,19.23076923076923,"{""5"": 3, ""20"": 3, ""25"": 7}",1544.451054185629,1544.451054185629,8766.562014818192,1387.883949559182,1520.0715526007116,78.17180687561631,nan,nan,nan,nan,nan,nan,nan,nan,nan
ordered_feedback_history,libero_10,9,KITCHEN_SCENE6_put_the_yellow_and_white_mug_in_the_microwave_and_close_it,339,339,1,0,277,12,12,23.333333333333332,"{""20"": 4, ""25"": 8}",1457.4972265399992,1457.4972265399992,9071.35647488758,1308.1646664068103,1434.146726038307,74.5550049468875,nan,nan,nan,nan,nan,nan,nan,nan,nan
ordered_feedback_current,libero_10,9,KITCHEN_SCENE6_put_the_yellow_and_white_mug_in_the_microwave_and_close_it,339,339,1,0,277,12,12,23.75,"{""20"": 3, ""25"": 9}",1462.1995356865227,1462.1995356865227,9088.685913942754,1313.9785630628467,1439.1817841678858,74.59515891969204,nan,nan,nan,nan,nan,nan,nan,nan,nan
ordered_transformer,libero_10,9,KITCHEN_SCENE6_put_the_yellow_and_white_mug_in_the_microwave_and_close_it,339,339,1,0,269,12,12,23.333333333333332,"{""20"": 4, ""25"": 8}",1443.5692322440445,1443.5692322440445,8944.37603931874,1297.4706157110631,1419.4238148629665,74.80305666103959,nan,nan,nan,nan,nan,nan,nan,nan,nan
ordered_transformer,libero_10,9,KITCHEN_SCENE6_put_the_yellow_and_white_mug_in_the_microwave_and_close_it,340,340,1,0,258,13,13,20.0,"{""5"": 2, ""15"": 1, ""20"": 3, ""25"": 7}",1572.1734901890159,1572.1734901890159,9008.10794485733,1414.2944663763046,1545.978753361851,80.31251979991794,nan,nan,nan,nan,nan,nan,nan,nan,nan
ordered_feedback_current,libero_10,9,KITCHEN_SCENE6_put_the_yellow_and_white_mug_in_the_microwave_and_close_it,340,340,1,0,271,12,12,22.916666666666668,"{""15"": 1, ""20"": 3, ""25"": 8}",1475.4683170467615,1475.4683170467615,9049.147991929203,1323.3925551176071,1452.2187896072865,77.00298260897398,nan,nan,nan,nan,nan,nan,nan,nan,nan
ordered_feedback_history,libero_10,9,KITCHEN_SCENE6_put_the_yellow_and_white_mug_in_the_microwave_and_close_it,340,340,1,0,262,15,15,17.666666666666668,"{""5"": 4, ""10"": 1, ""20"": 3, ""25"": 7}",1819.451672025025,1819.451672025025,9388.879226054996,1629.9149626865983,1788.6764076538384,93.57425663620234,nan,nan,nan,nan,nan,nan,nan,nan,nan
ordered_feedback_history,libero_10,9,KITCHEN_SCENE6_put_the_yellow_and_white_mug_in_the_microwave_and_close_it,341,341,1,0,301,16,16,18.75,"{""5"": 4, ""20"": 4, ""25"": 8}",1925.256796181202,1925.256796181202,9848.013791255653,1731.373742222786,1894.972199574113,97.65334241092205,nan,nan,nan,nan,nan,nan,nan,nan,nan
ordered_feedback_current,libero_10,9,KITCHEN_SCENE6_put_the_yellow_and_white_mug_in_the_microwave_and_close_it,341,341,1,0,274,15,15,19.0,"{""5"": 4, ""20"": 2, ""25"": 9}",1807.2324735112488,1807.2324735112488,9384.558179881424,1624.5795921422541,1779.1109937243164,91.54746634885669,nan,nan,nan,nan,nan,nan,nan,nan,nan
ordered_transformer,libero_10,9,KITCHEN_SCENE6_put_the_yellow_and_white_mug_in_the_microwave_and_close_it,341,341,1,0,276,14,14,19.285714285714285,"{""5"": 3, ""10"": 1, ""20"": 1, ""25"": 9}",1678.71635267511,1678.71635267511,9283.520981203765,1510.0543196313083,1652.3360307328403,86.41010336577892,nan,nan,nan,nan,nan,nan,nan,nan,nan
ordered_transformer,libero_10,9,KITCHEN_SCENE6_put_the_yellow_and_white_mug_in_the_microwave_and_close_it,342,342,1,0,273,12,12,22.5,"{""10"": 1, ""20"": 3, ""25"": 8}",1475.8709124289453,1475.8709124289453,9169.450950808823,1322.924812324345,1451.551494654268,78.42376222833991,nan,nan,nan,nan,nan,nan,nan,nan,nan
ordered_feedback_current,libero_10,9,KITCHEN_SCENE6_put_the_yellow_and_white_mug_in_the_microwave_and_close_it,342,342,1,0,269,12,12,22.916666666666668,"{""10"": 1, ""20"": 2, ""25"": 9}",1448.7998904660344,1448.7998904660344,9006.548219826072,1301.7716226167977,1427.3183858022094,76.12937269732356,nan,nan,nan,nan,nan,nan,nan,nan,nan
ordered_feedback_history,libero_10,9,KITCHEN_SCENE6_put_the_yellow_and_white_mug_in_the_microwave_and_close_it,342,342,1,0,324,15,15,22.333333333333332,"{""10"": 1, ""20"": 5, ""25"": 9}",1813.8446239754558,1813.8446239754558,9984.159440267831,1626.7587952315807,1785.422288812697,93.07975322008133,nan,nan,nan,nan,nan,nan,nan,nan,nan
ordered_feedback_history,libero_10,9,KITCHEN_SCENE6_put_the_yellow_and_white_mug_in_the_microwave_and_close_it,343,343,1,0,267,16,16,16.25,"{""5"": 5, ""10"": 1, ""15"": 1, ""20"": 3, ""25"": 6}",1899.4392617605627,1899.4392617605627,9421.676402911544,1714.3667698837817,1871.968516614288,97.08410920575261,nan,nan,nan,nan,nan,nan,nan,nan,nan
ordered_feedback_current,libero_10,9,KITCHEN_SCENE6_put_the_yellow_and_white_mug_in_the_microwave_and_close_it,343,343,1,0,277,17,17,16.764705882352942,"{""5"": 5, ""10"": 1, ""15"": 1, ""20"": 3, ""25"": 7}",2042.225080076605,2042.225080076605,9667.1123332344,1836.0523572191596,2014.3302269279957,107.9039191827178,nan,nan,nan,nan,nan,nan,nan,nan,nan
ordered_transformer,libero_10,9,KITCHEN_SCENE6_put_the_yellow_and_white_mug_in_the_microwave_and_close_it,343,343,1,0,252,15,15,17.666666666666668,"{""5"": 3, ""10"": 2, ""15"": 1, ""20"": 2, ""25"": 7}",1798.4102522023022,1798.4102522023022,9096.814229153097,1616.6466581635177,1770.6644502468407,94.06830323860049,nan,nan,nan,nan,nan,nan,nan,nan,nan
ordered_transformer,libero_10,9,KITCHEN_SCENE6_put_the_yellow_and_white_mug_in_the_microwave_and_close_it,344,344,1,0,248,11,11,21.818181818181817,"{""10"": 2, ""20"": 1, ""25"": 8}",1358.3120442926884,1358.3120442926884,8763.1246750243,1216.5987137705088,1336.2989290617406,68.90586158260703,nan,nan,nan,nan,nan,nan,nan,nan,nan
ordered_feedback_current,libero_10,9,KITCHEN_SCENE6_put_the_yellow_and_white_mug_in_the_microwave_and_close_it,344,344,1,0,252,12,12,20.416666666666668,"{""5"": 2, ""10"": 1, ""25"": 9}",1455.3024275228381,1455.3024275228381,8781.129794660956,1308.4941492415965,1431.5414996817708,75.11747954413295,nan,nan,nan,nan,nan,nan,nan,nan,nan
ordered_feedback_history,libero_10,9,KITCHEN_SCENE6_put_the_yellow_and_white_mug_in_the_microwave_and_close_it,344,344,1,0,244,12,12,19.583333333333332,"{""5"": 2, ""10"": 1, ""20"": 2, ""25"": 7}",1454.635632224381,1454.635632224381,8723.269237205386,1310.3308891877532,1432.4713507667184,73.44150403514504,nan,nan,nan,nan,nan,nan,nan,nan,nan
ordered_feedback_history,libero_10,9,KITCHEN_SCENE6_put_the_yellow_and_white_mug_in_the_microwave_and_close_it,345,345,0,1,1000,46,46,21.52173913043478,"{""5"": 1, ""10"": 1, ""15"": 1, ""20"": 23, ""25"": 20}",5589.113232214004,5589.113232214004,22147.312971763313,5017.414358444512,5500.631177332252,289.3857699818909,nan,nan,nan,nan,nan,nan,nan,nan,nan
ordered_feedback_current,libero_10,9,KITCHEN_SCENE6_put_the_yellow_and_white_mug_in_the_microwave_and_close_it,345,345,0,1,1000,46,46,21.52173913043478,"{""10"": 1, ""15"": 2, ""20"": 25, ""25"": 18}",5610.162336844951,5610.162336844951,23665.19686812535,5033.170799724758,5524.102118331939,289.5301762036979,nan,nan,nan,nan,nan,nan,nan,nan,nan
ordered_transformer,libero_10,9,KITCHEN_SCENE6_put_the_yellow_and_white_mug_in_the_microwave_and_close_it,345,345,1,0,325,13,13,24.615384615384617,"{""20"": 1, ""25"": 12}",1597.0459030941129,1597.0459030941129,9742.17953486368,1433.11153864488,1571.3600795716047,83.00470653921366,nan,nan,nan,nan,nan,nan,nan,nan,nan
