{
  "aggregate": {
    "coarse_l1_to_full": 0.03146303651173067,
    "coarse_mse_to_full": 0.02217786704707504,
    "action_l1_to_full": 0.022690642167209514,
    "action_mse_to_full": 0.010420817844713279,
    "action_l1_to_expert": 0.05161477650250233,
    "action_mse_to_expert": 0.024824777219264786,
    "trajectory_jerk": 0.12769515482597824,
    "gripper_error": 0.08137116068369364,
    "skip_ratio": 0.3592266666666667,
    "avg_inference_time": 72.15848131291568,
    "success_rate": NaN,
    "average_return": NaN,
    "collision_rate": NaN,
    "timeout_rate": NaN
  },
  "random_trial_aggregates": [
    {
      "coarse_l1_to_full": 0.03181119380601037,
      "coarse_mse_to_full": 0.02169328689736642,
      "action_l1_to_full": 0.021250730466673376,
      "action_mse_to_full": 0.008902659916829073,
      "action_l1_to_expert": 0.05113298760468411,
      "action_mse_to_expert": 0.02498018542958948,
      "trajectory_jerk": 0.12783617553012694,
      "gripper_error": 0.08335591690801922,
      "skip_ratio": 0.3614,
      "avg_inference_time": 101.332912793383,
      "success_rate": NaN,
      "average_return": NaN,
      "collision_rate": NaN,
      "timeout_rate": NaN
    },
    {
      "coarse_l1_to_full": 0.03133535139935533,
      "coarse_mse_to_full": 0.02234452443462134,
      "action_l1_to_full": 0.024129622330706472,
      "action_mse_to_full": 0.012269908599112197,
      "action_l1_to_expert": 0.052530649522722794,
      "action_mse_to_expert": 0.02637437756742696,
      "trajectory_jerk": 0.12783919241410696,
      "gripper_error": 0.08572252421472533,
      "skip_ratio": 0.35953333333333337,
      "avg_inference_time": 64.82631753850728,
      "success_rate": NaN,
      "average_return": NaN,
      "collision_rate": NaN,
      "timeout_rate": NaN
    },
    {
      "coarse_l1_to_full": 0.03078927954471392,
      "coarse_mse_to_full": 0.02171654261673899,
      "action_l1_to_full": 0.023083191551721848,
      "action_mse_to_full": 0.010892564573172845,
      "action_l1_to_expert": 0.05220886569271045,
      "action_mse_to_expert": 0.02509091998356862,
      "trajectory_jerk": 0.12090607466531743,
      "gripper_error": 0.0809337616222709,
      "skip_ratio": 0.35840000000000005,
      "avg_inference_time": 64.7923507206142,
      "success_rate": NaN,
      "average_return": NaN,
      "collision_rate": NaN,
      "timeout_rate": NaN
    },
    {
      "coarse_l1_to_full": 0.031119797499873668,
      "coarse_mse_to_full": 0.02111395899428252,
      "action_l1_to_full": 0.02269268046344086,
      "action_mse_to_full": 0.009567615156631131,
      "action_l1_to_expert": 0.05178500125205396,
      "action_mse_to_expert": 0.02456486693847389,
      "trajectory_jerk": 0.13492612239618557,
      "gripper_error": 0.08031222023944966,
      "skip_ratio": 0.3612,
      "avg_inference_time": 64.98518483247608,
      "success_rate": NaN,
      "average_return": NaN,
      "collision_rate": NaN,
      "timeout_rate": NaN
    },
    {
      "coarse_l1_to_full": 0.032259560308700044,
      "coarse_mse_to_full": 0.02402102229236592,
      "action_l1_to_full": 0.022296986023505026,
      "action_mse_to_full": 0.01047134097782115,
      "action_l1_to_expert": 0.05041637844034037,
      "action_mse_to_expert": 0.023113536177264988,
      "trajectory_jerk": 0.12696820912415424,
      "gripper_error": 0.07653138043400308,
      "skip_ratio": 0.3556,
      "avg_inference_time": 64.85564067959785,
      "success_rate": NaN,
      "average_return": NaN,
      "collision_rate": NaN,
      "timeout_rate": NaN
    }
  ],
  "random_trial_std": {
    "coarse_l1_to_full": 0.000518406909383962,
    "coarse_mse_to_full": 0.0010004533411789196,
    "action_l1_to_full": 0.0009437238949700738,
    "action_mse_to_full": 0.001155594435928381,
    "action_l1_to_expert": 0.0007601342352379923,
    "action_mse_to_expert": 0.001048059557442925,
    "trajectory_jerk": 0.004448541000113659,
    "gripper_error": 0.003085766274942924,
    "skip_ratio": 0.002123560950646596,
    "avg_inference_time": 14.587361800119956,
    "success_rate": NaN,
    "average_return": NaN,
    "collision_rate": NaN,
    "timeout_rate": NaN
  },
  "action_metrics_source": "model_injected_coarse_actions",
  "action_injection_available": true,
  "closed_loop_pruning_rollout_available": false,
  "outputs": {
    "per_sample_metrics_csv": "/root/autodl-tmp/acotvla/stage_b_pruning_eval/injection_adaptive_p03_random_1k/per_sample_metrics.csv"
  }
}